999
ANSI/AAMA
  0
SECTION
  2
BLOCKS
0
BLOCK
  8
1
  2
noname..30
 70
0
 10
0.0
 20
0.0
  0
POLYLINE
  8
1
  66
1
  70
1
  0
VERTEX
  8
1
  10
-3009.352112
  20
-1235.479507
  0
VERTEX
  8
1
  10
-3009.255371
  20
-1235.482712
  0
VERTEX
  8
1
  10
-3016.137537
  20
-1235.254812
  0
VERTEX
  8
1
  10
-3031.188622
  20
-1234.750677
  0
VERTEX
  8
1
  10
-3046.446044
  20
-1234.228176
  0
VERTEX
  8
1
  10
-3061.620621
  20
-1233.695165
  0
VERTEX
  8
1
  10
-3076.877146
  20
-1233.145676
  0
VERTEX
  8
1
  10
-3091.974101
  20
-1232.590663
  0
VERTEX
  8
1
  10
-3107.229786
  20
-1232.019830
  0
VERTEX
  8
1
  10
-3122.385102
  20
-1231.441976
  0
VERTEX
  8
1
  10
-3137.639871
  20
-1230.848656
  0
VERTEX
  8
1
  10
-3152.716853
  20
-1230.250629
  0
VERTEX
  8
1
  10
-3167.970796
  20
-1229.633650
  0
VERTEX
  8
1
  10
-3183.336265
  20
-1228.999391
  0
VERTEX
  8
1
  10
-3198.589108
  20
-1228.356421
  0
VERTEX
  8
1
  10
-3214.033231
  20
-1227.691194
  0
VERTEX
  8
1
  10
-3229.284767
  20
-1227.019423
  0
VERTEX
  8
1
  10
-3244.433288
  20
-1226.336232
  0
VERTEX
  8
1
  10
-3259.683263
  20
-1225.631268
  0
VERTEX
  8
1
  10
-3274.888189
  20
-1224.910976
  0
VERTEX
  8
1
  10
-3290.136660
  20
-1224.171440
  0
VERTEX
  8
1
  10
-3305.250924
  20
-1223.422777
  0
VERTEX
  8
1
  10
-3320.497887
  20
-1222.653148
  0
VERTEX
  8
1
  10
-3335.703368
  20
-1221.872045
  0
VERTEX
  8
1
  10
-3350.948948
  20
-1221.076067
  0
VERTEX
  8
1
  10
-3366.149729
  20
-1220.270623
  0
VERTEX
  8
1
  10
-3381.394036
  20
-1219.451816
  0
VERTEX
  8
1
  10
-3396.844830
  20
-1218.610608
  0
VERTEX
  8
1
  10
-3412.087957
  20
-1217.769023
  0
VERTEX
  8
1
  10
-3427.151912
  20
-1216.924329
  0
VERTEX
  8
1
  10
-3442.393614
  20
-1216.056484
  0
VERTEX
  8
1
  10
-3456.460266
  20
-1215.248947
  0
VERTEX
  8
1
  10
-3457.518270
  20
-1215.188233
  0
VERTEX
  8
1
  10
-3472.609434
  20
-1214.320852
  0
VERTEX
  8
1
  10
-3488.203735
  20
-1213.424606
  0
VERTEX
  8
1
  10
-3488.147143
  20
-1197.912177
  0
VERTEX
  8
1
  10
-3488.091311
  20
-1182.602839
  0
VERTEX
  8
1
  10
-3488.035483
  20
-1167.293496
  0
VERTEX
  8
1
  10
-3487.980323
  20
-1152.170426
  0
VERTEX
  8
1
  10
-3487.924470
  20
-1136.861082
  0
VERTEX
  8
1
  10
-3487.869181
  20
-1121.709796
  0
VERTEX
  8
1
  10
-3487.813305
  20
-1106.400468
  0
VERTEX
  8
1
  10
-3487.758400
  20
-1091.362008
  0
VERTEX
  8
1
  10
-3487.702492
  20
-1076.052688
  0
VERTEX
  8
1
  10
-3487.646219
  20
-1060.641095
  0
VERTEX
  8
1
  10
-3487.590338
  20
-1045.331754
  0
VERTEX
  8
1
  10
-3487.534449
  20
-1030.022389
  0
VERTEX
  8
1
  10
-3487.479602
  20
-1015.007529
  0
VERTEX
  8
1
  10
-3487.423661
  20
-999.698203
  0
VERTEX
  8
1
  10
-3487.367728
  20
-984.388857
  0
VERTEX
  8
1
  10
-3487.312619
  20
-969.260554
  0
VERTEX
  8
1
  10
-3487.297363
  20
-965.048599
  0
VERTEX
  8
1
  10
-3471.703324
  20
-964.238884
  0
VERTEX
  8
1
  10
-3456.613431
  20
-963.455344
  0
VERTEX
  8
1
  10
-3455.541077
  20
-963.399658
  0
VERTEX
  8
1
  10
-3441.498526
  20
-962.670503
  0
VERTEX
  8
1
  10
-3426.259197
  20
-961.879208
  0
VERTEX
  8
1
  10
-3411.249071
  20
-961.099827
  0
VERTEX
  8
1
  10
-3396.009660
  20
-960.308540
  0
VERTEX
  8
1
  10
-3380.909876
  20
-959.524491
  0
VERTEX
  8
1
  10
-3365.670473
  20
-958.733188
  0
VERTEX
  8
1
  10
-3350.369739
  20
-957.938708
  0
VERTEX
  8
1
  10
-3335.130371
  20
-957.147412
  0
VERTEX
  8
1
  10
-3319.688242
  20
-956.345577
  0
VERTEX
  8
1
  10
-3304.448895
  20
-955.554269
  0
VERTEX
  8
1
  10
-3289.037339
  20
-954.754027
  0
VERTEX
  8
1
  10
-3273.798007
  20
-953.962733
  0
VERTEX
  8
1
  10
-3258.787915
  20
-953.183340
  0
VERTEX
  8
1
  10
-3243.548603
  20
-952.392042
  0
VERTEX
  8
1
  10
-3228.266523
  20
-951.598524
  0
VERTEX
  8
1
  10
-3213.027136
  20
-950.807227
  0
VERTEX
  8
1
  10
-3197.973294
  20
-950.025571
  0
VERTEX
  8
1
  10
-3182.733821
  20
-949.234282
  0
VERTEX
  8
1
  10
-3167.723706
  20
-948.454904
  0
VERTEX
  8
1
  10
-3152.484382
  20
-947.663620
  0
VERTEX
  8
1
  10
-3137.152949
  20
-946.867545
  0
VERTEX
  8
1
  10
-3121.913605
  20
-946.076249
  0
VERTEX
  8
1
  10
-3106.516542
  20
-945.276767
  0
VERTEX
  8
1
  10
-3091.531052
  20
-944.498656
  0
VERTEX
  8
1
  10
-3076.291711
  20
-943.707360
  0
VERTEX
  8
1
  10
-3061.325116
  20
-942.930221
  0
VERTEX
  8
1
  10
-3045.594146
  20
-942.113386
  0
VERTEX
  8
1
  10
-3030.530850
  20
-941.331222
  0
VERTEX
  8
1
  10
-3015.518073
  20
-940.551687
  0
VERTEX
  8
1
  10
-3009.490356
  20
-940.238724
  0
VERTEX
  8
1
  10
-3009.962158
  20
-940.264893
  0
VERTEX
  8
1
  10
-2994.225571
  20
-938.263838
  0
VERTEX
  8
1
  10
-2979.251144
  20
-936.261560
  0
VERTEX
  8
1
  10
-2964.131322
  20
-934.107515
  0
VERTEX
  8
1
  10
-2949.030612
  20
-931.821562
  0
VERTEX
  8
1
  10
-2933.851853
  20
-929.392536
  0
VERTEX
  8
1
  10
-2919.070339
  20
-926.879485
  0
VERTEX
  8
1
  10
-2903.559402
  20
-924.057797
  0
VERTEX
  8
1
  10
-2888.644693
  20
-921.145979
  0
VERTEX
  8
1
  10
-2873.696008
  20
-918.015982
  0
VERTEX
  8
1
  10
-2858.818516
  20
-914.684087
  0
VERTEX
  8
1
  10
-2843.963602
  20
-911.135212
  0
VERTEX
  8
1
  10
-2829.599408
  20
-907.480674
  0
VERTEX
  8
1
  10
-2814.381829
  20
-903.360267
  0
VERTEX
  8
1
  10
-2799.704379
  20
-899.153242
  0
VERTEX
  8
1
  10
-2785.079916
  20
-894.751342
  0
VERTEX
  8
1
  10
-2770.602181
  20
-890.215678
  0
VERTEX
  8
1
  10
-2756.072856
  20
-885.508310
  0
VERTEX
  8
1
  10
-2741.649542
  20
-880.669266
  0
VERTEX
  8
1
  10
-2727.222943
  20
-875.656922
  0
VERTEX
  8
1
  10
-2718.491821
  20
-872.544861
  0
VERTEX
  8
1
  10
-2712.863374
  20
-870.538876
  0
VERTEX
  8
1
  10
-2698.960129
  20
-865.511773
  0
VERTEX
  8
1
  10
-2696.931763
  20
-864.773102
  0
VERTEX
  8
1
  10
-2689.854126
  20
-868.828583
  0
VERTEX
  8
1
  10
-2688.674402
  20
-876.701659
  0
VERTEX
  8
1
  10
-2687.453723
  20
-883.241547
  0
VERTEX
  8
1
  10
-2686.203337
  20
-888.685337
  0
VERTEX
  8
1
  10
-2684.785716
  20
-893.798193
  0
VERTEX
  8
1
  10
-2683.151517
  20
-898.767690
  0
VERTEX
  8
1
  10
-2681.341763
  20
-903.495768
  0
VERTEX
  8
1
  10
-2679.390669
  20
-907.935354
  0
VERTEX
  8
1
  10
-2677.270032
  20
-912.150203
  0
VERTEX
  8
1
  10
-2675.055944
  20
-916.014639
  0
VERTEX
  8
1
  10
-2672.740097
  20
-919.570245
  0
VERTEX
  8
1
  10
-2670.306575
  20
-922.854596
  0
VERTEX
  8
1
  10
-2667.841026
  20
-925.775936
  0
VERTEX
  8
1
  10
-2665.287153
  20
-928.426280
  0
VERTEX
  8
1
  10
-2662.629845
  20
-930.826929
  0
VERTEX
  8
1
  10
-2659.697824
  20
-933.128697
  0
VERTEX
  8
1
  10
-2656.334228
  20
-935.439534
  0
VERTEX
  8
1
  10
-2652.593979
  20
-937.699278
  0
VERTEX
  8
1
  10
-2648.441757
  20
-939.917078
  0
VERTEX
  8
1
  10
-2643.767211
  20
-942.124764
  0
VERTEX
  8
1
  10
-2638.579316
  20
-944.292640
  0
VERTEX
  8
1
  10
-2632.671609
  20
-946.479548
  0
VERTEX
  8
1
  10
-2626.088007
  20
-948.644271
  0
VERTEX
  8
1
  10
-2619.053356
  20
-950.692430
  0
VERTEX
  8
1
  10
-2610.596843
  20
-952.872440
  0
VERTEX
  8
1
  10
-2602.604980
  20
-954.734039
  0
VERTEX
  8
1
  10
-2587.262524
  20
-958.515488
  0
VERTEX
  8
1
  10
-2572.222129
  20
-962.224684
  0
VERTEX
  8
1
  10
-2557.258333
  20
-965.917981
  0
VERTEX
  8
1
  10
-2542.567606
  20
-969.547365
  0
VERTEX
  8
1
  10
-2527.607795
  20
-973.247061
  0
VERTEX
  8
1
  10
-2512.918774
  20
-976.883517
  0
VERTEX
  8
1
  10
-2498.183804
  20
-980.534874
  0
VERTEX
  8
1
  10
-2483.496343
  20
-984.177632
  0
VERTEX
  8
1
  10
-2468.809518
  20
-987.822993
  0
VERTEX
  8
1
  10
-2464.084167
  20
-988.996582
  0
VERTEX
  8
1
  10
-2454.370069
  20
-991.409125
  0
VERTEX
  8
1
  10
-2451.521759
  20
-992.116699
  0
VERTEX
  8
1
  10
-2452.287252
  20
-1007.736997
  0
VERTEX
  8
1
  10
-2452.320099
  20
-1008.406754
  0
VERTEX
  8
1
  10
-2453.036875
  20
-1023.033668
  0
VERTEX
  8
1
  10
-2453.786500
  20
-1038.330352
  0
VERTEX
  8
1
  10
-2454.521790
  20
-1053.334240
  0
VERTEX
  8
1
  10
-2455.271428
  20
-1068.630925
  0
VERTEX
  8
1
  10
-2456.027908
  20
-1084.067842
  0
VERTEX
  8
1
  10
-2456.777488
  20
-1099.364524
  0
VERTEX
  8
1
  10
-2457.520892
  20
-1114.534889
  0
VERTEX
  8
1
  10
-2458.270520
  20
-1129.831570
  0
VERTEX
  8
1
  10
-2459.005606
  20
-1144.831350
  0
VERTEX
  8
1
  10
-2459.755231
  20
-1160.128037
  0
VERTEX
  8
1
  10
-2460.507018
  20
-1175.468990
  0
VERTEX
  8
1
  10
-2461.110077
  20
-1187.776108
  0
VERTEX
  8
1
  10
-2461.256630
  20
-1190.765657
  0
VERTEX
  8
1
  10
-2462.006236
  20
-1206.062320
  0
VERTEX
  8
1
  10
-2462.746473
  20
-1221.167970
  0
VERTEX
  8
1
  10
-2463.489576
  20
-1236.332063
  0
VERTEX
  8
1
  10
-2463.993835
  20
-1246.622086
  0
VERTEX
  8
1
  10
-2472.386092
  20
-1247.247317
  0
VERTEX
  8
1
  10
-2476.755219
  20
-1247.561722
  0
VERTEX
  8
1
  10
-2487.607148
  20
-1248.342682
  0
VERTEX
  8
1
  10
-2502.621807
  20
-1249.356675
  0
VERTEX
  8
1
  10
-2518.069329
  20
-1250.298856
  0
VERTEX
  8
1
  10
-2533.232324
  20
-1251.097066
  0
VERTEX
  8
1
  10
-2548.694164
  20
-1251.765890
  0
VERTEX
  8
1
  10
-2563.932748
  20
-1252.272654
  0
VERTEX
  8
1
  10
-2579.404926
  20
-1252.631638
  0
VERTEX
  8
1
  10
-2594.616917
  20
-1252.835809
  0
VERTEX
  8
1
  10
-2610.093124
  20
-1252.902230
  0
VERTEX
  8
1
  10
-2625.177632
  20
-1252.841673
  0
VERTEX
  8
1
  10
-2640.652858
  20
-1252.660209
  0
VERTEX
  8
1
  10
-2655.800597
  20
-1252.373166
  0
VERTEX
  8
1
  10
-2671.271724
  20
-1251.976220
  0
VERTEX
  8
1
  10
-2686.707512
  20
-1251.483136
  0
VERTEX
  8
1
  10
-2702.172505
  20
-1250.895086
  0
VERTEX
  8
1
  10
-2717.513139
  20
-1250.222191
  0
VERTEX
  8
1
  10
-2732.971155
  20
-1249.471930
  0
VERTEX
  8
1
  10
-2748.358362
  20
-1248.677655
  0
VERTEX
  8
1
  10
-2763.812940
  20
-1247.861181
  0
VERTEX
  8
1
  10
-2778.940710
  20
-1247.068904
  0
VERTEX
  8
1
  10
-2794.396133
  20
-1246.268054
  0
VERTEX
  8
1
  10
-2809.650912
  20
-1245.480512
  0
VERTEX
  8
1
  10
-2825.106669
  20
-1244.685423
  0
VERTEX
  8
1
  10
-2840.194477
  20
-1243.913382
  0
VERTEX
  8
1
  10
-2855.650549
  20
-1243.126469
  0
VERTEX
  8
1
  10
-2871.049565
  20
-1242.345801
  0
VERTEX
  8
1
  10
-2886.506018
  20
-1241.565467
  0
VERTEX
  8
1
  10
-2901.772929
  20
-1240.797935
  0
VERTEX
  8
1
  10
-2917.229727
  20
-1240.024069
  0
VERTEX
  8
1
  10
-2932.382658
  20
-1239.268462
  0
VERTEX
  8
1
  10
-2947.839786
  20
-1238.500654
  0
VERTEX
  8
1
  10
-2963.258568
  20
-1237.737766
  0
VERTEX
  8
1
  10
-2978.546339
  20
-1236.985059
  0
VERTEX
  8
1
  10
-2993.842536
  20
-1236.235962
  0
SEQEND
  8
1
  0
POINT
  8
2
 10
-3009.352112
 20
-1235.479507
  0
TEXT
  8
2
 10
-3009.352112
 20
-1235.479507
 40
0.000000
 50
0.000000
  1
# 1
  0
POINT
  8
2
 10
-3488.203735
 20
-1213.424606
  0
TEXT
  8
2
 10
-3488.203735
 20
-1213.424606
 40
0.000000
 50
0.000000
  1
# 2
  0
POINT
  8
2
 10
-3487.297363
 20
-965.048599
  0
TEXT
  8
2
 10
-3487.297363
 20
-965.048599
 40
0.000000
 50
0.000000
  1
# 3
  0
POINT
  8
2
 10
-3009.962158
 20
-940.264893
  0
TEXT
  8
2
 10
-3009.962158
 20
-940.264893
 40
0.000000
 50
0.000000
  1
# 4
  0
POINT
  8
2
 10
-2696.931763
 20
-864.773102
  0
TEXT
  8
2
 10
-2696.931763
 20
-864.773102
 40
0.000000
 50
0.000000
  1
# 5
  0
POINT
  8
2
 10
-2689.854126
 20
-868.828583
  0
TEXT
  8
2
 10
-2689.854126
 20
-868.828583
 40
0.000000
 50
0.000000
  1
# 6
  0
POINT
  8
2
 10
-2602.604980
 20
-954.734039
  0
TEXT
  8
2
 10
-2602.604980
 20
-954.734039
 40
0.000000
 50
0.000000
  1
# 7
  0
POINT
  8
2
 10
-2451.521759
 20
-992.116699
  0
TEXT
  8
2
 10
-2451.521759
 20
-992.116699
 40
0.000000
 50
0.000000
  1
# 8
  0
POINT
  8
2
 10
-2463.993835
 20
-1246.622086
  0
TEXT
  8
2
 10
-2463.993835
 20
-1246.622086
 40
0.000000
 50
0.000000
  1
# 9
  0
POINT
  8
3
 10
-3009.255371
 20
-1235.482712
  0
POINT
  8
3
 10
-3016.137537
 20
-1235.254812
  0
POINT
  8
3
 10
-3031.188622
 20
-1234.750677
  0
POINT
  8
3
 10
-3046.446044
 20
-1234.228176
  0
POINT
  8
3
 10
-3061.620621
 20
-1233.695165
  0
POINT
  8
3
 10
-3076.877146
 20
-1233.145676
  0
POINT
  8
3
 10
-3091.974101
 20
-1232.590663
  0
POINT
  8
3
 10
-3107.229786
 20
-1232.019830
  0
POINT
  8
3
 10
-3122.385102
 20
-1231.441976
  0
POINT
  8
3
 10
-3137.639871
 20
-1230.848656
  0
POINT
  8
3
 10
-3152.716853
 20
-1230.250629
  0
POINT
  8
3
 10
-3167.970796
 20
-1229.633650
  0
POINT
  8
3
 10
-3183.336265
 20
-1228.999391
  0
POINT
  8
3
 10
-3198.589108
 20
-1228.356421
  0
POINT
  8
3
 10
-3214.033231
 20
-1227.691194
  0
POINT
  8
3
 10
-3229.284767
 20
-1227.019423
  0
POINT
  8
3
 10
-3244.433288
 20
-1226.336232
  0
POINT
  8
3
 10
-3259.683263
 20
-1225.631268
  0
POINT
  8
3
 10
-3274.888189
 20
-1224.910976
  0
POINT
  8
3
 10
-3290.136660
 20
-1224.171440
  0
POINT
  8
3
 10
-3305.250924
 20
-1223.422777
  0
POINT
  8
3
 10
-3320.497887
 20
-1222.653148
  0
POINT
  8
3
 10
-3335.703368
 20
-1221.872045
  0
POINT
  8
3
 10
-3350.948948
 20
-1221.076067
  0
POINT
  8
3
 10
-3366.149729
 20
-1220.270623
  0
POINT
  8
3
 10
-3381.394036
 20
-1219.451816
  0
POINT
  8
3
 10
-3396.844830
 20
-1218.610608
  0
POINT
  8
3
 10
-3412.087957
 20
-1217.769023
  0
POINT
  8
3
 10
-3427.151912
 20
-1216.924329
  0
POINT
  8
3
 10
-3442.393614
 20
-1216.056484
  0
POINT
  8
3
 10
-3456.460266
 20
-1215.248947
  0
POINT
  8
3
 10
-3457.518270
 20
-1215.188233
  0
POINT
  8
3
 10
-3472.609434
 20
-1214.320852
  0
POINT
  8
3
 10
-3488.147143
 20
-1197.912177
  0
POINT
  8
3
 10
-3488.091311
 20
-1182.602839
  0
POINT
  8
3
 10
-3488.035483
 20
-1167.293496
  0
POINT
  8
3
 10
-3487.980323
 20
-1152.170426
  0
POINT
  8
3
 10
-3487.924470
 20
-1136.861082
  0
POINT
  8
3
 10
-3487.869181
 20
-1121.709796
  0
POINT
  8
3
 10
-3487.813305
 20
-1106.400468
  0
POINT
  8
3
 10
-3487.758400
 20
-1091.362008
  0
POINT
  8
3
 10
-3487.702492
 20
-1076.052688
  0
POINT
  8
3
 10
-3487.646219
 20
-1060.641095
  0
POINT
  8
3
 10
-3487.590338
 20
-1045.331754
  0
POINT
  8
3
 10
-3487.534449
 20
-1030.022389
  0
POINT
  8
3
 10
-3487.479602
 20
-1015.007529
  0
POINT
  8
3
 10
-3487.423661
 20
-999.698203
  0
POINT
  8
3
 10
-3487.367728
 20
-984.388857
  0
POINT
  8
3
 10
-3487.312619
 20
-969.260554
  0
POINT
  8
3
 10
-3471.703324
 20
-964.238884
  0
POINT
  8
3
 10
-3456.613431
 20
-963.455344
  0
POINT
  8
3
 10
-3455.541077
 20
-963.399658
  0
POINT
  8
3
 10
-3441.498526
 20
-962.670503
  0
POINT
  8
3
 10
-3426.259197
 20
-961.879208
  0
POINT
  8
3
 10
-3411.249071
 20
-961.099827
  0
POINT
  8
3
 10
-3396.009660
 20
-960.308540
  0
POINT
  8
3
 10
-3380.909876
 20
-959.524491
  0
POINT
  8
3
 10
-3365.670473
 20
-958.733188
  0
POINT
  8
3
 10
-3350.369739
 20
-957.938708
  0
POINT
  8
3
 10
-3335.130371
 20
-957.147412
  0
POINT
  8
3
 10
-3319.688242
 20
-956.345577
  0
POINT
  8
3
 10
-3304.448895
 20
-955.554269
  0
POINT
  8
3
 10
-3289.037339
 20
-954.754027
  0
POINT
  8
3
 10
-3273.798007
 20
-953.962733
  0
POINT
  8
3
 10
-3258.787915
 20
-953.183340
  0
POINT
  8
3
 10
-3243.548603
 20
-952.392042
  0
POINT
  8
3
 10
-3228.266523
 20
-951.598524
  0
POINT
  8
3
 10
-3213.027136
 20
-950.807227
  0
POINT
  8
3
 10
-3197.973294
 20
-950.025571
  0
POINT
  8
3
 10
-3182.733821
 20
-949.234282
  0
POINT
  8
3
 10
-3167.723706
 20
-948.454904
  0
POINT
  8
3
 10
-3152.484382
 20
-947.663620
  0
POINT
  8
3
 10
-3137.152949
 20
-946.867545
  0
POINT
  8
3
 10
-3121.913605
 20
-946.076249
  0
POINT
  8
3
 10
-3106.516542
 20
-945.276767
  0
POINT
  8
3
 10
-3091.531052
 20
-944.498656
  0
POINT
  8
3
 10
-3076.291711
 20
-943.707360
  0
POINT
  8
3
 10
-3061.325116
 20
-942.930221
  0
POINT
  8
3
 10
-3045.594146
 20
-942.113386
  0
POINT
  8
3
 10
-3030.530850
 20
-941.331222
  0
POINT
  8
3
 10
-3015.518073
 20
-940.551687
  0
POINT
  8
3
 10
-3009.490356
 20
-940.238724
  0
POINT
  8
3
 10
-2994.225571
 20
-938.263838
  0
POINT
  8
3
 10
-2979.251144
 20
-936.261560
  0
POINT
  8
3
 10
-2964.131322
 20
-934.107515
  0
POINT
  8
3
 10
-2949.030612
 20
-931.821562
  0
POINT
  8
3
 10
-2933.851853
 20
-929.392536
  0
POINT
  8
3
 10
-2919.070339
 20
-926.879485
  0
POINT
  8
3
 10
-2903.559402
 20
-924.057797
  0
POINT
  8
3
 10
-2888.644693
 20
-921.145979
  0
POINT
  8
3
 10
-2873.696008
 20
-918.015982
  0
POINT
  8
3
 10
-2858.818516
 20
-914.684087
  0
POINT
  8
3
 10
-2843.963602
 20
-911.135212
  0
POINT
  8
3
 10
-2829.599408
 20
-907.480674
  0
POINT
  8
3
 10
-2814.381829
 20
-903.360267
  0
POINT
  8
3
 10
-2799.704379
 20
-899.153242
  0
POINT
  8
3
 10
-2785.079916
 20
-894.751342
  0
POINT
  8
3
 10
-2770.602181
 20
-890.215678
  0
POINT
  8
3
 10
-2756.072856
 20
-885.508310
  0
POINT
  8
3
 10
-2741.649542
 20
-880.669266
  0
POINT
  8
3
 10
-2727.222943
 20
-875.656922
  0
POINT
  8
3
 10
-2718.491821
 20
-872.544861
  0
POINT
  8
3
 10
-2712.863374
 20
-870.538876
  0
POINT
  8
3
 10
-2698.960129
 20
-865.511773
  0
POINT
  8
3
 10
-2688.674402
 20
-876.701659
  0
POINT
  8
3
 10
-2687.453723
 20
-883.241547
  0
POINT
  8
3
 10
-2686.203337
 20
-888.685337
  0
POINT
  8
3
 10
-2684.785716
 20
-893.798193
  0
POINT
  8
3
 10
-2683.151517
 20
-898.767690
  0
POINT
  8
3
 10
-2681.341763
 20
-903.495768
  0
POINT
  8
3
 10
-2679.390669
 20
-907.935354
  0
POINT
  8
3
 10
-2677.270032
 20
-912.150203
  0
POINT
  8
3
 10
-2675.055944
 20
-916.014639
  0
POINT
  8
3
 10
-2672.740097
 20
-919.570245
  0
POINT
  8
3
 10
-2670.306575
 20
-922.854596
  0
POINT
  8
3
 10
-2667.841026
 20
-925.775936
  0
POINT
  8
3
 10
-2665.287153
 20
-928.426280
  0
POINT
  8
3
 10
-2662.629845
 20
-930.826929
  0
POINT
  8
3
 10
-2659.697824
 20
-933.128697
  0
POINT
  8
3
 10
-2656.334228
 20
-935.439534
  0
POINT
  8
3
 10
-2652.593979
 20
-937.699278
  0
POINT
  8
3
 10
-2648.441757
 20
-939.917078
  0
POINT
  8
3
 10
-2643.767211
 20
-942.124764
  0
POINT
  8
3
 10
-2638.579316
 20
-944.292640
  0
POINT
  8
3
 10
-2632.671609
 20
-946.479548
  0
POINT
  8
3
 10
-2626.088007
 20
-948.644271
  0
POINT
  8
3
 10
-2619.053356
 20
-950.692430
  0
POINT
  8
3
 10
-2610.596843
 20
-952.872440
  0
POINT
  8
3
 10
-2587.262524
 20
-958.515488
  0
POINT
  8
3
 10
-2572.222129
 20
-962.224684
  0
POINT
  8
3
 10
-2557.258333
 20
-965.917981
  0
POINT
  8
3
 10
-2542.567606
 20
-969.547365
  0
POINT
  8
3
 10
-2527.607795
 20
-973.247061
  0
POINT
  8
3
 10
-2512.918774
 20
-976.883517
  0
POINT
  8
3
 10
-2498.183804
 20
-980.534874
  0
POINT
  8
3
 10
-2483.496343
 20
-984.177632
  0
POINT
  8
3
 10
-2468.809518
 20
-987.822993
  0
POINT
  8
3
 10
-2464.084167
 20
-988.996582
  0
POINT
  8
3
 10
-2454.370069
 20
-991.409125
  0
POINT
  8
3
 10
-2452.287252
 20
-1007.736997
  0
POINT
  8
3
 10
-2452.320099
 20
-1008.406754
  0
POINT
  8
3
 10
-2453.036875
 20
-1023.033668
  0
POINT
  8
3
 10
-2453.786500
 20
-1038.330352
  0
POINT
  8
3
 10
-2454.521790
 20
-1053.334240
  0
POINT
  8
3
 10
-2455.271428
 20
-1068.630925
  0
POINT
  8
3
 10
-2456.027908
 20
-1084.067842
  0
POINT
  8
3
 10
-2456.777488
 20
-1099.364524
  0
POINT
  8
3
 10
-2457.520892
 20
-1114.534889
  0
POINT
  8
3
 10
-2458.270520
 20
-1129.831570
  0
POINT
  8
3
 10
-2459.005606
 20
-1144.831350
  0
POINT
  8
3
 10
-2459.755231
 20
-1160.128037
  0
POINT
  8
3
 10
-2460.507018
 20
-1175.468990
  0
POINT
  8
3
 10
-2461.110077
 20
-1187.776108
  0
POINT
  8
3
 10
-2461.256630
 20
-1190.765657
  0
POINT
  8
3
 10
-2462.006236
 20
-1206.062320
  0
POINT
  8
3
 10
-2462.746473
 20
-1221.167970
  0
POINT
  8
3
 10
-2463.489576
 20
-1236.332063
  0
POINT
  8
3
 10
-2472.386092
 20
-1247.247317
  0
POINT
  8
3
 10
-2476.755219
 20
-1247.561722
  0
POINT
  8
3
 10
-2487.607148
 20
-1248.342682
  0
POINT
  8
3
 10
-2502.621807
 20
-1249.356675
  0
POINT
  8
3
 10
-2518.069329
 20
-1250.298856
  0
POINT
  8
3
 10
-2533.232324
 20
-1251.097066
  0
POINT
  8
3
 10
-2548.694164
 20
-1251.765890
  0
POINT
  8
3
 10
-2563.932748
 20
-1252.272654
  0
POINT
  8
3
 10
-2579.404926
 20
-1252.631638
  0
POINT
  8
3
 10
-2594.616917
 20
-1252.835809
  0
POINT
  8
3
 10
-2610.093124
 20
-1252.902230
  0
POINT
  8
3
 10
-2625.177632
 20
-1252.841673
  0
POINT
  8
3
 10
-2640.652858
 20
-1252.660209
  0
POINT
  8
3
 10
-2655.800597
 20
-1252.373166
  0
POINT
  8
3
 10
-2671.271724
 20
-1251.976220
  0
POINT
  8
3
 10
-2686.707512
 20
-1251.483136
  0
POINT
  8
3
 10
-2702.172505
 20
-1250.895086
  0
POINT
  8
3
 10
-2717.513139
 20
-1250.222191
  0
POINT
  8
3
 10
-2732.971155
 20
-1249.471930
  0
POINT
  8
3
 10
-2748.358362
 20
-1248.677655
  0
POINT
  8
3
 10
-2763.812940
 20
-1247.861181
  0
POINT
  8
3
 10
-2778.940710
 20
-1247.068904
  0
POINT
  8
3
 10
-2794.396133
 20
-1246.268054
  0
POINT
  8
3
 10
-2809.650912
 20
-1245.480512
  0
POINT
  8
3
 10
-2825.106669
 20
-1244.685423
  0
POINT
  8
3
 10
-2840.194477
 20
-1243.913382
  0
POINT
  8
3
 10
-2855.650549
 20
-1243.126469
  0
POINT
  8
3
 10
-2871.049565
 20
-1242.345801
  0
POINT
  8
3
 10
-2886.506018
 20
-1241.565467
  0
POINT
  8
3
 10
-2901.772929
 20
-1240.797935
  0
POINT
  8
3
 10
-2917.229727
 20
-1240.024069
  0
POINT
  8
3
 10
-2932.382658
 20
-1239.268462
  0
POINT
  8
3
 10
-2947.839786
 20
-1238.500654
  0
POINT
  8
3
 10
-2963.258568
 20
-1237.737766
  0
POINT
  8
3
 10
-2978.546339
 20
-1236.985059
  0
POINT
  8
3
 10
-2993.842536
 20
-1236.235962
  0
POINT
  8
4
 10
-3009.255371
 20
-1235.482712
 30
1.524000
 50
 88.10
  0
TEXT
  8
4
 10
-3009.255371
 20
-1235.482712
 40
0.000000
 50
0.000000
  1
# 10
  0
POINT
  8
4
 10
-3456.460266
 20
-1215.248947
 30
1.524000
 50
 89.79
  0
TEXT
  8
4
 10
-3456.460266
 20
-1215.248947
 40
0.000000
 50
0.000000
  1
# 11
  0
POINT
  8
4
 10
-3455.541077
 20
-963.399658
 30
1.524000
 50
269.79
  0
TEXT
  8
4
 10
-3455.541077
 20
-963.399658
 40
0.000000
 50
0.000000
  1
# 12
  0
POINT
  8
4
 10
-3009.490356
 20
-940.238724
 30
1.524000
 50
272.97
  0
TEXT
  8
4
 10
-3009.490356
 20
-940.238724
 40
0.000000
 50
0.000000
  1
# 13
  0
POINT
  8
4
 10
-2718.491821
 20
-872.544861
 30
1.524000
 50
330.03
  0
TEXT
  8
4
 10
-2718.491821
 20
-872.544861
 40
0.000000
 50
0.000000
  1
# 14
  0
POINT
  8
4
 10
-2464.084167
 20
-988.996582
 30
1.524000
 50
267.19
  0
TEXT
  8
4
 10
-2464.084167
 20
-988.996582
 40
0.000000
 50
0.000000
  1
# 15
  0
POINT
  8
4
 10
-2452.320099
 20
-1008.406754
 30
1.524000
 50
166.05
  0
TEXT
  8
4
 10
-2452.320099
 20
-1008.406754
 40
0.000000
 50
0.000000
  1
# 16
  0
POINT
  8
4
 10
-2461.110077
 20
-1187.776108
 30
1.524000
 50
177.19
  0
TEXT
  8
4
 10
-2461.110077
 20
-1187.776108
 40
0.000000
 50
0.000000
  1
# 17
  0
POINT
  8
4
 10
-2476.755219
 20
-1247.561722
 30
1.524000
 50
 87.19
  0
TEXT
  8
4
 10
-2476.755219
 20
-1247.561722
 40
0.000000
 50
0.000000
  1
# 18
  0
POLYLINE
  8
14
  66
1
  70
1
  0
VERTEX
  8
14
  10
-3008.834839
  20
-1222.789612
  0
VERTEX
  8
14
  10
-3008.834839
  20
-1222.789612
  0
VERTEX
  8
14
  10
-3016.375282
  20
-1222.543810
  0
VERTEX
  8
14
  10
-3031.416326
  20
-1222.039005
  0
VERTEX
  8
14
  10
-3047.286820
  20
-1221.491605
  0
VERTEX
  8
14
  10
-3063.168866
  20
-1220.930719
  0
VERTEX
  8
14
  10
-3081.199238
  20
-1220.279074
  0
VERTEX
  8
14
  10
-3097.002191
  20
-1219.695209
  0
VERTEX
  8
14
  10
-3113.891885
  20
-1219.058056
  0
VERTEX
  8
14
  10
-3131.740245
  20
-1218.369745
  0
VERTEX
  8
14
  10
-3150.419230
  20
-1217.632407
  0
VERTEX
  8
14
  10
-3169.800696
  20
-1216.848176
  0
VERTEX
  8
14
  10
-3184.720775
  20
-1216.230512
  0
VERTEX
  8
14
  10
-3199.909944
  20
-1215.588567
  0
VERTEX
  8
14
  10
-3215.314209
  20
-1214.923241
  0
VERTEX
  8
14
  10
-3230.879463
  20
-1214.235436
  0
VERTEX
  8
14
  10
-3246.551712
  20
-1213.526049
  0
VERTEX
  8
14
  10
-3265.122877
  20
-1212.661785
  0
VERTEX
  8
14
  10
-3280.830777
  20
-1211.909969
  0
VERTEX
  8
14
  10
-3296.429317
  20
-1211.145994
  0
VERTEX
  8
14
  10
-3311.826850
  20
-1210.376314
  0
VERTEX
  8
14
  10
-3331.885693
  20
-1209.352359
  0
VERTEX
  8
14
  10
-3351.206846
  20
-1208.345040
  0
VERTEX
  8
14
  10
-3369.572946
  20
-1207.369660
  0
VERTEX
  8
14
  10
-3386.766697
  20
-1206.441519
  0
VERTEX
  8
14
  10
-3402.570743
  20
-1205.575920
  0
VERTEX
  8
14
  10
-3420.040451
  20
-1204.605182
  0
VERTEX
  8
14
  10
-3437.091960
  20
-1203.642927
  0
VERTEX
  8
14
  10
-3456.413879
  20
-1202.530746
  0
VERTEX
  8
14
  10
-3456.413879
  20
-1202.530746
  0
VERTEX
  8
14
  10
-3456.337613
  20
-1181.636320
  0
VERTEX
  8
14
  10
-3456.269929
  20
-1163.092858
  0
VERTEX
  8
14
  10
-3456.205340
  20
-1145.397546
  0
VERTEX
  8
14
  10
-3456.134093
  20
-1125.878117
  0
VERTEX
  8
14
  10
-3456.077744
  20
-1110.440488
  0
VERTEX
  8
14
  10
-3456.020034
  20
-1094.629743
  0
VERTEX
  8
14
  10
-3455.961984
  20
-1078.725730
  0
VERTEX
  8
14
  10
-3455.904614
  20
-1063.008273
  0
VERTEX
  8
14
  10
-3455.848947
  20
-1047.757210
  0
VERTEX
  8
14
  10
-3455.779137
  20
-1028.631615
  0
VERTEX
  8
14
  10
-3455.716591
  20
-1011.495981
  0
VERTEX
  8
14
  10
-3455.663729
  20
-997.013592
  0
VERTEX
  8
14
  10
-3455.607892
  20
-981.715879
  0
VERTEX
  8
14
  10
-3455.587463
  20
-976.119156
  0
VERTEX
  8
14
  10
-3455.587463
  20
-976.119156
  0
VERTEX
  8
14
  10
-3431.567946
  20
-974.871959
  0
VERTEX
  8
14
  10
-3414.358559
  20
-973.978374
  0
VERTEX
  8
14
  10
-3393.468021
  20
-972.893647
  0
VERTEX
  8
14
  10
-3377.768590
  20
-972.078465
  0
VERTEX
  8
14
  10
-3360.842102
  20
-971.199569
  0
VERTEX
  8
14
  10
-3342.852168
  20
-970.265454
  0
VERTEX
  8
14
  10
-3323.962414
  20
-969.284616
  0
VERTEX
  8
14
  10
-3304.336412
  20
-968.265550
  0
VERTEX
  8
14
  10
-3284.137786
  20
-967.216750
  0
VERTEX
  8
14
  10
-3263.530161
  20
-966.146713
  0
VERTEX
  8
14
  10
-3242.677107
  20
-965.063933
  0
VERTEX
  8
14
  10
-3221.742249
  20
-963.976905
  0
VERTEX
  8
14
  10
-3200.889194
  20
-962.894125
  0
VERTEX
  8
14
  10
-3180.281548
  20
-961.824087
  0
VERTEX
  8
14
  10
-3160.082956
  20
-960.775289
  0
VERTEX
  8
14
  10
-3140.456950
  20
-959.756222
  0
VERTEX
  8
14
  10
-3121.567175
  20
-958.775384
  0
VERTEX
  8
14
  10
-3103.577236
  20
-957.841269
  0
VERTEX
  8
14
  10
-3086.650742
  20
-956.962372
  0
VERTEX
  8
14
  10
-3070.951298
  20
-956.147189
  0
VERTEX
  8
14
  10
-3056.642537
  20
-955.404217
  0
VERTEX
  8
14
  10
-3038.144717
  20
-954.443730
  0
VERTEX
  8
14
  10
-3023.696185
  20
-953.693500
  0
VERTEX
  8
14
  10
-3010.113387
  20
-952.988223
  0
VERTEX
  8
14
  10
-3008.831787
  20
-952.921677
  0
VERTEX
  8
14
  10
-3008.831787
  20
-952.921677
  0
VERTEX
  8
14
  10
-2991.976581
  20
-950.799665
  0
VERTEX
  8
14
  10
-2975.921095
  20
-948.622322
  0
VERTEX
  8
14
  10
-2960.017129
  20
-946.332861
  0
VERTEX
  8
14
  10
-2944.334137
  20
-943.940902
  0
VERTEX
  8
14
  10
-2927.653921
  20
-941.235689
  0
VERTEX
  8
14
  10
-2912.586341
  20
-938.628748
  0
VERTEX
  8
14
  10
-2897.469662
  20
-935.829643
  0
VERTEX
  8
14
  10
-2882.294097
  20
-932.812138
  0
VERTEX
  8
14
  10
-2867.162448
  20
-929.588069
  0
VERTEX
  8
14
  10
-2852.081518
  20
-926.153135
  0
VERTEX
  8
14
  10
-2837.058056
  20
-922.503022
  0
VERTEX
  8
14
  10
-2822.098829
  20
-918.633419
  0
VERTEX
  8
14
  10
-2805.743557
  20
-914.123869
  0
VERTEX
  8
14
  10
-2791.046710
  20
-909.832973
  0
VERTEX
  8
14
  10
-2776.753962
  20
-905.470687
  0
VERTEX
  8
14
  10
-2761.209308
  20
-900.537276
  0
VERTEX
  8
14
  10
-2746.836211
  20
-895.814895
  0
VERTEX
  8
14
  10
-2732.494371
  20
-890.956529
  0
VERTEX
  8
14
  10
-2718.282231
  20
-885.997182
  0
VERTEX
  8
14
  10
-2704.065552
  20
-880.864716
  0
VERTEX
  8
14
  10
-2704.065552
  20
-880.864716
  0
VERTEX
  8
14
  10
-2703.153582
  20
-886.280849
  0
VERTEX
  8
14
  10
-2701.797267
  20
-892.310121
  0
VERTEX
  8
14
  10
-2700.267816
  20
-897.879929
  0
VERTEX
  8
14
  10
-2698.484861
  20
-903.396986
  0
VERTEX
  8
14
  10
-2696.258851
  20
-909.294416
  0
VERTEX
  8
14
  10
-2693.914054
  20
-914.651641
  0
VERTEX
  8
14
  10
-2691.586498
  20
-919.311833
  0
VERTEX
  8
14
  10
-2688.946620
  20
-923.969894
  0
VERTEX
  8
14
  10
-2685.976392
  20
-928.564078
  0
VERTEX
  8
14
  10
-2683.235846
  20
-932.299224
  0
VERTEX
  8
14
  10
-2680.242930
  20
-935.911413
  0
VERTEX
  8
14
  10
-2676.987222
  20
-939.364901
  0
VERTEX
  8
14
  10
-2674.105351
  20
-942.061017
  0
VERTEX
  8
14
  10
-2669.568968
  20
-945.731062
  0
VERTEX
  8
14
  10
-2665.518127
  20
-948.555730
  0
VERTEX
  8
14
  10
-2661.255114
  20
-951.178634
  0
VERTEX
  8
14
  10
-2655.904022
  20
-954.073886
  0
VERTEX
  8
14
  10
-2650.347708
  20
-956.710326
  0
VERTEX
  8
14
  10
-2644.640888
  20
-959.105263
  0
VERTEX
  8
14
  10
-2637.865663
  20
-961.617229
  0
VERTEX
  8
14
  10
-2631.193599
  20
-963.806170
  0
VERTEX
  8
14
  10
-2623.569706
  20
-966.036079
  0
VERTEX
  8
14
  10
-2615.124559
  20
-968.248780
  0
VERTEX
  8
14
  10
-2606.329041
  20
-970.297089
  0
VERTEX
  8
14
  10
-2589.677500
  20
-974.400834
  0
VERTEX
  8
14
  10
-2574.695226
  20
-978.096361
  0
VERTEX
  8
14
  10
-2559.959698
  20
-981.733817
  0
VERTEX
  8
14
  10
-2543.961410
  20
-985.686506
  0
VERTEX
  8
14
  10
-2528.719163
  20
-989.456520
  0
VERTEX
  8
14
  10
-2513.999993
  20
-993.101328
  0
VERTEX
  8
14
  10
-2498.612583
  20
-996.915217
  0
VERTEX
  8
14
  10
-2483.898386
  20
-1000.565179
  0
VERTEX
  8
14
  10
-2469.666947
  20
-1004.098002
  0
VERTEX
  8
14
  10
-2464.882507
  20
-1005.286407
  0
VERTEX
  8
14
  10
-2464.881134
  20
-1005.261230
  0
VERTEX
  8
14
  10
-2464.882507
  20
-1005.286407
  0
VERTEX
  8
14
  10
-2465.763735
  20
-1023.271520
  0
VERTEX
  8
14
  10
-2466.638613
  20
-1041.124208
  0
VERTEX
  8
14
  10
-2467.489891
  20
-1058.495336
  0
VERTEX
  8
14
  10
-2468.440028
  20
-1077.883756
  0
VERTEX
  8
14
  10
-2469.197683
  20
-1093.344418
  0
VERTEX
  8
14
  10
-2469.978508
  20
-1109.277873
  0
VERTEX
  8
14
  10
-2470.768601
  20
-1125.400450
  0
VERTEX
  8
14
  10
-2471.554061
  20
-1141.428485
  0
VERTEX
  8
14
  10
-2472.320984
  20
-1157.078259
  0
VERTEX
  8
14
  10
-2473.055469
  20
-1172.066109
  0
VERTEX
  8
14
  10
-2473.795013
  20
-1187.155151
  0
VERTEX
  8
14
  10
-2473.960296
  20
-1190.529948
  0
VERTEX
  8
14
  10
-2474.749788
  20
-1206.640264
  0
VERTEX
  8
14
  10
-2475.524263
  20
-1222.444146
  0
VERTEX
  8
14
  10
-2476.128998
  20
-1234.784317
  0
VERTEX
  8
14
  10
-2476.128998
  20
-1234.784317
  0
VERTEX
  8
14
  10
-2478.934399
  20
-1234.998512
  0
VERTEX
  8
14
  10
-2493.304517
  20
-1236.023125
  0
VERTEX
  8
14
  10
-2508.517960
  20
-1237.007491
  0
VERTEX
  8
14
  10
-2524.385399
  20
-1237.923211
  0
VERTEX
  8
14
  10
-2539.293772
  20
-1238.664390
  0
VERTEX
  8
14
  10
-2554.442528
  20
-1239.271604
  0
VERTEX
  8
14
  10
-2569.671005
  20
-1239.721569
  0
VERTEX
  8
14
  10
-2584.905425
  20
-1240.019385
  0
VERTEX
  8
14
  10
-2600.143839
  20
-1240.174145
  0
VERTEX
  8
14
  10
-2615.384340
  20
-1240.194942
  0
VERTEX
  8
14
  10
-2630.624903
  20
-1240.090871
  0
VERTEX
  8
14
  10
-2645.863618
  20
-1239.871025
  0
VERTEX
  8
14
  10
-2661.003115
  20
-1239.546842
  0
VERTEX
  8
14
  10
-2676.233196
  20
-1239.121901
  0
VERTEX
  8
14
  10
-2691.458607
  20
-1238.603198
  0
VERTEX
  8
14
  10
-2706.679818
  20
-1237.995749
  0
VERTEX
  8
14
  10
-2722.201346
  20
-1237.289965
  0
VERTEX
  8
14
  10
-2737.415761
  20
-1236.527453
  0
VERTEX
  8
14
  10
-2754.398771
  20
-1235.637838
  0
VERTEX
  8
14
  10
-2769.600709
  20
-1234.840958
  0
VERTEX
  8
14
  10
-2784.749667
  20
-1234.051496
  0
VERTEX
  8
14
  10
-2799.797937
  20
-1233.271559
  0
VERTEX
  8
14
  10
-2816.811493
  20
-1232.394571
  0
VERTEX
  8
14
  10
-2833.559988
  20
-1231.535926
  0
VERTEX
  8
14
  10
-2849.972226
  20
-1230.698771
  0
VERTEX
  8
14
  10
-2865.976989
  20
-1229.886254
  0
VERTEX
  8
14
  10
-2881.503062
  20
-1229.101520
  0
VERTEX
  8
14
  10
-2898.309027
  20
-1228.255824
  0
VERTEX
  8
14
  10
-2914.317633
  20
-1227.453756
  0
VERTEX
  8
14
  10
-2929.427464
  20
-1226.699796
  0
VERTEX
  8
14
  10
-2945.038706
  20
-1225.923938
  0
VERTEX
  8
14
  10
-2960.618894
  20
-1225.152819
  0
VERTEX
  8
14
  10
-2976.635440
  20
-1224.363557
  0
VERTEX
  8
14
  10
-2992.353972
  20
-1223.592697
  0
SEQEND
  8
14
  0
POINT
  8
2
 10
-3008.834839
 20
-1222.789612
  0
TEXT
  8
2
 10
-3008.834839
 20
-1222.789612
 40
0.000000
 50
0.000000
  1
# 19
  0
POINT
  8
2
 10
-3456.413879
 20
-1202.530746
  0
TEXT
  8
2
 10
-3456.413879
 20
-1202.530746
 40
0.000000
 50
0.000000
  1
# 20
  0
POINT
  8
2
 10
-3455.587463
 20
-976.119156
  0
TEXT
  8
2
 10
-3455.587463
 20
-976.119156
 40
0.000000
 50
0.000000
  1
# 21
  0
POINT
  8
2
 10
-3008.831787
 20
-952.921677
  0
TEXT
  8
2
 10
-3008.831787
 20
-952.921677
 40
0.000000
 50
0.000000
  1
# 22
  0
POINT
  8
2
 10
-2704.065552
 20
-880.864716
  0
TEXT
  8
2
 10
-2704.065552
 20
-880.864716
 40
0.000000
 50
0.000000
  1
# 23
  0
POINT
  8
2
 10
-2606.329041
 20
-970.297089
  0
TEXT
  8
2
 10
-2606.329041
 20
-970.297089
 40
0.000000
 50
0.000000
  1
# 24
  0
POINT
  8
2
 10
-2464.881134
 20
-1005.261230
  0
TEXT
  8
2
 10
-2464.881134
 20
-1005.261230
 40
0.000000
 50
0.000000
  1
# 25
  0
POINT
  8
2
 10
-2476.128998
 20
-1234.784317
  0
TEXT
  8
2
 10
-2476.128998
 20
-1234.784317
 40
0.000000
 50
0.000000
  1
# 26
  0
POINT
  8
3
 10
-3008.834839
 20
-1222.789612
  0
POINT
  8
3
 10
-3016.375282
 20
-1222.543810
  0
POINT
  8
3
 10
-3031.416326
 20
-1222.039005
  0
POINT
  8
3
 10
-3047.286820
 20
-1221.491605
  0
POINT
  8
3
 10
-3063.168866
 20
-1220.930719
  0
POINT
  8
3
 10
-3081.199238
 20
-1220.279074
  0
POINT
  8
3
 10
-3097.002191
 20
-1219.695209
  0
POINT
  8
3
 10
-3113.891885
 20
-1219.058056
  0
POINT
  8
3
 10
-3131.740245
 20
-1218.369745
  0
POINT
  8
3
 10
-3150.419230
 20
-1217.632407
  0
POINT
  8
3
 10
-3169.800696
 20
-1216.848176
  0
POINT
  8
3
 10
-3184.720775
 20
-1216.230512
  0
POINT
  8
3
 10
-3199.909944
 20
-1215.588567
  0
POINT
  8
3
 10
-3215.314209
 20
-1214.923241
  0
POINT
  8
3
 10
-3230.879463
 20
-1214.235436
  0
POINT
  8
3
 10
-3246.551712
 20
-1213.526049
  0
POINT
  8
3
 10
-3265.122877
 20
-1212.661785
  0
POINT
  8
3
 10
-3280.830777
 20
-1211.909969
  0
POINT
  8
3
 10
-3296.429317
 20
-1211.145994
  0
POINT
  8
3
 10
-3311.826850
 20
-1210.376314
  0
POINT
  8
3
 10
-3331.885693
 20
-1209.352359
  0
POINT
  8
3
 10
-3351.206846
 20
-1208.345040
  0
POINT
  8
3
 10
-3369.572946
 20
-1207.369660
  0
POINT
  8
3
 10
-3386.766697
 20
-1206.441519
  0
POINT
  8
3
 10
-3402.570743
 20
-1205.575920
  0
POINT
  8
3
 10
-3420.040451
 20
-1204.605182
  0
POINT
  8
3
 10
-3437.091960
 20
-1203.642927
  0
POINT
  8
3
 10
-3456.413879
 20
-1202.530746
  0
POINT
  8
3
 10
-3456.337613
 20
-1181.636320
  0
POINT
  8
3
 10
-3456.269929
 20
-1163.092858
  0
POINT
  8
3
 10
-3456.205340
 20
-1145.397546
  0
POINT
  8
3
 10
-3456.134093
 20
-1125.878117
  0
POINT
  8
3
 10
-3456.077744
 20
-1110.440488
  0
POINT
  8
3
 10
-3456.020034
 20
-1094.629743
  0
POINT
  8
3
 10
-3455.961984
 20
-1078.725730
  0
POINT
  8
3
 10
-3455.904614
 20
-1063.008273
  0
POINT
  8
3
 10
-3455.848947
 20
-1047.757210
  0
POINT
  8
3
 10
-3455.779137
 20
-1028.631615
  0
POINT
  8
3
 10
-3455.716591
 20
-1011.495981
  0
POINT
  8
3
 10
-3455.663729
 20
-997.013592
  0
POINT
  8
3
 10
-3455.607892
 20
-981.715879
  0
POINT
  8
3
 10
-3455.587463
 20
-976.119156
  0
POINT
  8
3
 10
-3431.567946
 20
-974.871959
  0
POINT
  8
3
 10
-3414.358559
 20
-973.978374
  0
POINT
  8
3
 10
-3393.468021
 20
-972.893647
  0
POINT
  8
3
 10
-3377.768590
 20
-972.078465
  0
POINT
  8
3
 10
-3360.842102
 20
-971.199569
  0
POINT
  8
3
 10
-3342.852168
 20
-970.265454
  0
POINT
  8
3
 10
-3323.962414
 20
-969.284616
  0
POINT
  8
3
 10
-3304.336412
 20
-968.265550
  0
POINT
  8
3
 10
-3284.137786
 20
-967.216750
  0
POINT
  8
3
 10
-3263.530161
 20
-966.146713
  0
POINT
  8
3
 10
-3242.677107
 20
-965.063933
  0
POINT
  8
3
 10
-3221.742249
 20
-963.976905
  0
POINT
  8
3
 10
-3200.889194
 20
-962.894125
  0
POINT
  8
3
 10
-3180.281548
 20
-961.824087
  0
POINT
  8
3
 10
-3160.082956
 20
-960.775289
  0
POINT
  8
3
 10
-3140.456950
 20
-959.756222
  0
POINT
  8
3
 10
-3121.567175
 20
-958.775384
  0
POINT
  8
3
 10
-3103.577236
 20
-957.841269
  0
POINT
  8
3
 10
-3086.650742
 20
-956.962372
  0
POINT
  8
3
 10
-3070.951298
 20
-956.147189
  0
POINT
  8
3
 10
-3056.642537
 20
-955.404217
  0
POINT
  8
3
 10
-3038.144717
 20
-954.443730
  0
POINT
  8
3
 10
-3023.696185
 20
-953.693500
  0
POINT
  8
3
 10
-3010.113387
 20
-952.988223
  0
POINT
  8
3
 10
-3008.831787
 20
-952.921677
  0
POINT
  8
3
 10
-2991.976581
 20
-950.799665
  0
POINT
  8
3
 10
-2975.921095
 20
-948.622322
  0
POINT
  8
3
 10
-2960.017129
 20
-946.332861
  0
POINT
  8
3
 10
-2944.334137
 20
-943.940902
  0
POINT
  8
3
 10
-2927.653921
 20
-941.235689
  0
POINT
  8
3
 10
-2912.586341
 20
-938.628748
  0
POINT
  8
3
 10
-2897.469662
 20
-935.829643
  0
POINT
  8
3
 10
-2882.294097
 20
-932.812138
  0
POINT
  8
3
 10
-2867.162448
 20
-929.588069
  0
POINT
  8
3
 10
-2852.081518
 20
-926.153135
  0
POINT
  8
3
 10
-2837.058056
 20
-922.503022
  0
POINT
  8
3
 10
-2822.098829
 20
-918.633419
  0
POINT
  8
3
 10
-2805.743557
 20
-914.123869
  0
POINT
  8
3
 10
-2791.046710
 20
-909.832973
  0
POINT
  8
3
 10
-2776.753962
 20
-905.470687
  0
POINT
  8
3
 10
-2761.209308
 20
-900.537276
  0
POINT
  8
3
 10
-2746.836211
 20
-895.814895
  0
POINT
  8
3
 10
-2732.494371
 20
-890.956529
  0
POINT
  8
3
 10
-2718.282231
 20
-885.997182
  0
POINT
  8
3
 10
-2704.065552
 20
-880.864716
  0
POINT
  8
3
 10
-2703.153582
 20
-886.280849
  0
POINT
  8
3
 10
-2701.797267
 20
-892.310121
  0
POINT
  8
3
 10
-2700.267816
 20
-897.879929
  0
POINT
  8
3
 10
-2698.484861
 20
-903.396986
  0
POINT
  8
3
 10
-2696.258851
 20
-909.294416
  0
POINT
  8
3
 10
-2693.914054
 20
-914.651641
  0
POINT
  8
3
 10
-2691.586498
 20
-919.311833
  0
POINT
  8
3
 10
-2688.946620
 20
-923.969894
  0
POINT
  8
3
 10
-2685.976392
 20
-928.564078
  0
POINT
  8
3
 10
-2683.235846
 20
-932.299224
  0
POINT
  8
3
 10
-2680.242930
 20
-935.911413
  0
POINT
  8
3
 10
-2676.987222
 20
-939.364901
  0
POINT
  8
3
 10
-2674.105351
 20
-942.061017
  0
POINT
  8
3
 10
-2669.568968
 20
-945.731062
  0
POINT
  8
3
 10
-2665.518127
 20
-948.555730
  0
POINT
  8
3
 10
-2661.255114
 20
-951.178634
  0
POINT
  8
3
 10
-2655.904022
 20
-954.073886
  0
POINT
  8
3
 10
-2650.347708
 20
-956.710326
  0
POINT
  8
3
 10
-2644.640888
 20
-959.105263
  0
POINT
  8
3
 10
-2637.865663
 20
-961.617229
  0
POINT
  8
3
 10
-2631.193599
 20
-963.806170
  0
POINT
  8
3
 10
-2623.569706
 20
-966.036079
  0
POINT
  8
3
 10
-2615.124559
 20
-968.248780
  0
POINT
  8
3
 10
-2589.677500
 20
-974.400834
  0
POINT
  8
3
 10
-2574.695226
 20
-978.096361
  0
POINT
  8
3
 10
-2559.959698
 20
-981.733817
  0
POINT
  8
3
 10
-2543.961410
 20
-985.686506
  0
POINT
  8
3
 10
-2528.719163
 20
-989.456520
  0
POINT
  8
3
 10
-2513.999993
 20
-993.101328
  0
POINT
  8
3
 10
-2498.612583
 20
-996.915217
  0
POINT
  8
3
 10
-2483.898386
 20
-1000.565179
  0
POINT
  8
3
 10
-2469.666947
 20
-1004.098002
  0
POINT
  8
3
 10
-2464.882507
 20
-1005.286407
  0
POINT
  8
3
 10
-2464.882507
 20
-1005.286407
  0
POINT
  8
3
 10
-2465.763735
 20
-1023.271520
  0
POINT
  8
3
 10
-2466.638613
 20
-1041.124208
  0
POINT
  8
3
 10
-2467.489891
 20
-1058.495336
  0
POINT
  8
3
 10
-2468.440028
 20
-1077.883756
  0
POINT
  8
3
 10
-2469.197683
 20
-1093.344418
  0
POINT
  8
3
 10
-2469.978508
 20
-1109.277873
  0
POINT
  8
3
 10
-2470.768601
 20
-1125.400450
  0
POINT
  8
3
 10
-2471.554061
 20
-1141.428485
  0
POINT
  8
3
 10
-2472.320984
 20
-1157.078259
  0
POINT
  8
3
 10
-2473.055469
 20
-1172.066109
  0
POINT
  8
3
 10
-2473.795013
 20
-1187.155151
  0
POINT
  8
3
 10
-2473.960296
 20
-1190.529948
  0
POINT
  8
3
 10
-2474.749788
 20
-1206.640264
  0
POINT
  8
3
 10
-2475.524263
 20
-1222.444146
  0
POINT
  8
3
 10
-2476.128998
 20
-1234.784317
  0
POINT
  8
3
 10
-2478.934399
 20
-1234.998512
  0
POINT
  8
3
 10
-2493.304517
 20
-1236.023125
  0
POINT
  8
3
 10
-2508.517960
 20
-1237.007491
  0
POINT
  8
3
 10
-2524.385399
 20
-1237.923211
  0
POINT
  8
3
 10
-2539.293772
 20
-1238.664390
  0
POINT
  8
3
 10
-2554.442528
 20
-1239.271604
  0
POINT
  8
3
 10
-2569.671005
 20
-1239.721569
  0
POINT
  8
3
 10
-2584.905425
 20
-1240.019385
  0
POINT
  8
3
 10
-2600.143839
 20
-1240.174145
  0
POINT
  8
3
 10
-2615.384340
 20
-1240.194942
  0
POINT
  8
3
 10
-2630.624903
 20
-1240.090871
  0
POINT
  8
3
 10
-2645.863618
 20
-1239.871025
  0
POINT
  8
3
 10
-2661.003115
 20
-1239.546842
  0
POINT
  8
3
 10
-2676.233196
 20
-1239.121901
  0
POINT
  8
3
 10
-2691.458607
 20
-1238.603198
  0
POINT
  8
3
 10
-2706.679818
 20
-1237.995749
  0
POINT
  8
3
 10
-2722.201346
 20
-1237.289965
  0
POINT
  8
3
 10
-2737.415761
 20
-1236.527453
  0
POINT
  8
3
 10
-2754.398771
 20
-1235.637838
  0
POINT
  8
3
 10
-2769.600709
 20
-1234.840958
  0
POINT
  8
3
 10
-2784.749667
 20
-1234.051496
  0
POINT
  8
3
 10
-2799.797937
 20
-1233.271559
  0
POINT
  8
3
 10
-2816.811493
 20
-1232.394571
  0
POINT
  8
3
 10
-2833.559988
 20
-1231.535926
  0
POINT
  8
3
 10
-2849.972226
 20
-1230.698771
  0
POINT
  8
3
 10
-2865.976989
 20
-1229.886254
  0
POINT
  8
3
 10
-2881.503062
 20
-1229.101520
  0
POINT
  8
3
 10
-2898.309027
 20
-1228.255824
  0
POINT
  8
3
 10
-2914.317633
 20
-1227.453756
  0
POINT
  8
3
 10
-2929.427464
 20
-1226.699796
  0
POINT
  8
3
 10
-2945.038706
 20
-1225.923938
  0
POINT
  8
3
 10
-2960.618894
 20
-1225.152819
  0
POINT
  8
3
 10
-2976.635440
 20
-1224.363557
  0
POINT
  8
3
 10
-2992.353972
 20
-1223.592697
  0
POINT
  8
4
 10
-3008.834839
 20
-1222.789612
 30
1.524000
 50
 88.13
  0
TEXT
  8
4
 10
-3008.834839
 20
-1222.789612
 40
0.000000
 50
0.000000
  1
# 27
  0
POINT
  8
4
 10
-3456.413879
 20
-1202.530746
 30
1.524000
 50
 89.81
  0
TEXT
  8
4
 10
-3456.413879
 20
-1202.530746
 40
0.000000
 50
0.000000
  1
# 28
  0
POINT
  8
4
 10
-3455.587463
 20
-976.119156
 30
1.524000
 50
269.81
  0
TEXT
  8
4
 10
-3455.587463
 20
-976.119156
 40
0.000000
 50
0.000000
  1
# 29
  0
POINT
  8
4
 10
-3008.831787
 20
-952.921677
 30
1.524000
 50
272.97
  0
TEXT
  8
4
 10
-3008.831787
 20
-952.921677
 40
0.000000
 50
0.000000
  1
# 30
  0
POINT
  8
4
 10
-2704.065552
 20
-880.864716
 30
1.524000
 50
278.84
  0
TEXT
  8
4
 10
-2704.065552
 20
-880.864716
 40
0.000000
 50
0.000000
  1
# 31
  0
POINT
  8
4
 10
-2464.882507
 20
-1005.286407
 30
1.524000
 50
267.41
  0
TEXT
  8
4
 10
-2464.882507
 20
-1005.286407
 40
0.000000
 50
0.000000
  1
# 32
  0
POINT
  8
4
 10
-2464.882507
 20
-1005.286407
 30
1.524000
 50
164.97
  0
TEXT
  8
4
 10
-2464.882507
 20
-1005.286407
 40
0.000000
 50
0.000000
  1
# 33
  0
POINT
  8
4
 10
-2473.795013
 20
-1187.155151
 30
1.524000
 50
177.19
  0
TEXT
  8
4
 10
-2473.795013
 20
-1187.155151
 40
0.000000
 50
0.000000
  1
# 34
  0
POINT
  8
4
 10
-2476.128998
 20
-1234.784317
 30
1.524000
 50
 87.41
  0
TEXT
  8
4
 10
-2476.128998
 20
-1234.784317
 40
0.000000
 50
0.000000
  1
# 35
  0
POLYLINE
  8
8
  66
1
  70
0
  0
VERTEX
  8
8
  10
-2502.717133
  20
-1036.646423
  0
VERTEX
  8
8
  10
-2503.989413
  20
-1055.184761
  0
VERTEX
  8
8
  10
-2505.123636
  20
-1071.711467
  0
VERTEX
  8
8
  10
-2506.229915
  20
-1087.831006
  0
VERTEX
  8
8
  10
-2507.419314
  20
-1105.161666
  0
VERTEX
  8
8
  10
-2508.632461
  20
-1122.838371
  0
VERTEX
  8
8
  10
-2509.809984
  20
-1139.996009
  0
VERTEX
  8
8
  10
-2510.892515
  20
-1155.769506
  0
VERTEX
  8
8
  10
-2511.982565
  20
-1171.652568
  0
VERTEX
  8
8
  10
-2512.976432
  20
-1186.134163
  0
VERTEX
  8
8
  10
-2513.092957
  20
-1187.832031
  0
SEQEND
  8
8
  0
POINT
  8
2
 10
-2502.717133
 20
-1036.646423
  0
TEXT
  8
2
 10
-2502.717133
 20
-1036.646423
 40
0.000000
 50
0.000000
  1
# 36
  0
POINT
  8
2
 10
-2513.092957
 20
-1187.832031
  0
TEXT
  8
2
 10
-2513.092957
 20
-1187.832031
 40
0.000000
 50
0.000000
  1
# 37
  0
POINT
  8
3
 10
-2503.989413
 20
-1055.184761
  0
POINT
  8
3
 10
-2505.123636
 20
-1071.711467
  0
POINT
  8
3
 10
-2506.229915
 20
-1087.831006
  0
POINT
  8
3
 10
-2507.419314
 20
-1105.161666
  0
POINT
  8
3
 10
-2508.632461
 20
-1122.838371
  0
POINT
  8
3
 10
-2509.809984
 20
-1139.996009
  0
POINT
  8
3
 10
-2510.892515
 20
-1155.769506
  0
POINT
  8
3
 10
-2511.982565
 20
-1171.652568
  0
POINT
  8
3
 10
-2512.976432
 20
-1186.134163
  0
POLYLINE
  8
8
  66
1
  70
0
  0
VERTEX
  8
8
  10
-2606.329041
  20
-970.297089
  0
VERTEX
  8
8
  10
-2630.555420
  20
-1239.916153
  0
SEQEND
  8
8
  0
POINT
  8
2
 10
-2606.329041
 20
-970.297089
  0
TEXT
  8
2
 10
-2606.329041
 20
-970.297089
 40
0.000000
 50
0.000000
  1
# 38
  0
POINT
  8
2
 10
-2630.555420
 20
-1239.916153
  0
TEXT
  8
2
 10
-2630.555420
 20
-1239.916153
 40
0.000000
 50
0.000000
  1
# 39
  0
POLYLINE
  8
8
  66
1
  70
0
  0
VERTEX
  8
8
  10
-3456.000671
  20
-1093.093338
  0
VERTEX
  8
8
  10
-3435.442475
  20
-1093.084985
  0
VERTEX
  8
8
  10
-3417.634309
  20
-1093.078077
  0
VERTEX
  8
8
  10
-3399.939166
  20
-1093.071441
  0
VERTEX
  8
8
  10
-3379.447434
  20
-1093.064013
  0
VERTEX
  8
8
  10
-3362.392688
  20
-1093.058030
  0
VERTEX
  8
8
  10
-3344.009149
  20
-1093.051776
  0
VERTEX
  8
8
  10
-3324.401529
  20
-1093.045328
  0
VERTEX
  8
8
  10
-3303.674525
  20
-1093.038761
  0
VERTEX
  8
8
  10
-3281.932851
  20
-1093.032149
  0
VERTEX
  8
8
  10
-3259.281191
  20
-1093.025570
  0
VERTEX
  8
8
  10
-3243.726217
  20
-1093.021238
  0
VERTEX
  8
8
  10
-3227.844392
  20
-1093.016977
  0
VERTEX
  8
8
  10
-3211.666669
  20
-1093.012807
  0
VERTEX
  8
8
  10
-3195.224104
  20
-1093.008752
  0
VERTEX
  8
8
  10
-3178.547756
  20
-1093.004834
  0
VERTEX
  8
8
  10
-3161.668573
  20
-1093.001075
  0
VERTEX
  8
8
  10
-3144.617651
  20
-1092.997498
  0
VERTEX
  8
8
  10
-3127.425937
  20
-1092.994124
  0
VERTEX
  8
8
  10
-3110.124527
  20
-1092.990977
  0
VERTEX
  8
8
  10
-3092.744369
  20
-1092.988078
  0
VERTEX
  8
8
  10
-3075.316558
  20
-1092.985450
  0
VERTEX
  8
8
  10
-3065.943619
  20
-1092.984158
  0
VERTEX
  8
8
  10
-3039.796061
  20
-1092.981006
  0
VERTEX
  8
8
  10
-3022.426996
  20
-1092.979262
  0
VERTEX
  8
8
  10
-3005.151968
  20
-1092.977785
  0
VERTEX
  8
8
  10
-2988.008501
  20
-1092.976561
  0
VERTEX
  8
8
  10
-2971.034233
  20
-1092.975574
  0
VERTEX
  8
8
  10
-2954.266837
  20
-1092.974810
  0
VERTEX
  8
8
  10
-2937.743765
  20
-1092.974253
  0
VERTEX
  8
8
  10
-2921.502692
  20
-1092.973889
  0
VERTEX
  8
8
  10
-2905.581216
  20
-1092.973703
  0
VERTEX
  8
8
  10
-2890.016938
  20
-1092.973679
  0
VERTEX
  8
8
  10
-2874.847523
  20
-1092.973802
  0
VERTEX
  8
8
  10
-2852.915795
  20
-1092.974230
  0
VERTEX
  8
8
  10
-2832.083860
  20
-1092.974906
  0
VERTEX
  8
8
  10
-2812.478672
  20
-1092.975777
  0
VERTEX
  8
8
  10
-2794.227017
  20
-1092.976795
  0
VERTEX
  8
8
  10
-2777.455852
  20
-1092.977908
  0
VERTEX
  8
8
  10
-2762.292119
  20
-1092.979064
  0
VERTEX
  8
8
  10
-2744.793463
  20
-1092.980588
  0
VERTEX
  8
8
  10
-2727.714137
  20
-1092.982293
  0
VERTEX
  8
8
  10
-2713.804570
  20
-1092.983886
  0
VERTEX
  8
8
  10
-2711.645813
  20
-1092.984161
  0
SEQEND
  8
8
  0
POINT
  8
2
 10
-3456.000671
 20
-1093.093338
  0
TEXT
  8
2
 10
-3456.000671
 20
-1093.093338
 40
0.000000
 50
0.000000
  1
# 40
  0
POINT
  8
2
 10
-2711.645813
 20
-1092.984161
  0
TEXT
  8
2
 10
-2711.645813
 20
-1092.984161
 40
0.000000
 50
0.000000
  1
# 41
  0
POINT
  8
3
 10
-3435.442475
 20
-1093.084985
  0
POINT
  8
3
 10
-3417.634309
 20
-1093.078077
  0
POINT
  8
3
 10
-3399.939166
 20
-1093.071441
  0
POINT
  8
3
 10
-3379.447434
 20
-1093.064013
  0
POINT
  8
3
 10
-3362.392688
 20
-1093.058030
  0
POINT
  8
3
 10
-3344.009149
 20
-1093.051776
  0
POINT
  8
3
 10
-3324.401529
 20
-1093.045328
  0
POINT
  8
3
 10
-3303.674525
 20
-1093.038761
  0
POINT
  8
3
 10
-3281.932851
 20
-1093.032149
  0
POINT
  8
3
 10
-3259.281191
 20
-1093.025570
  0
POINT
  8
3
 10
-3243.726217
 20
-1093.021238
  0
POINT
  8
3
 10
-3227.844392
 20
-1093.016977
  0
POINT
  8
3
 10
-3211.666669
 20
-1093.012807
  0
POINT
  8
3
 10
-3195.224104
 20
-1093.008752
  0
POINT
  8
3
 10
-3178.547756
 20
-1093.004834
  0
POINT
  8
3
 10
-3161.668573
 20
-1093.001075
  0
POINT
  8
3
 10
-3144.617651
 20
-1092.997498
  0
POINT
  8
3
 10
-3127.425937
 20
-1092.994124
  0
POINT
  8
3
 10
-3110.124527
 20
-1092.990977
  0
POINT
  8
3
 10
-3092.744369
 20
-1092.988078
  0
POINT
  8
3
 10
-3075.316558
 20
-1092.985450
  0
POINT
  8
3
 10
-3065.943619
 20
-1092.984158
  0
POINT
  8
3
 10
-3039.796061
 20
-1092.981006
  0
POINT
  8
3
 10
-3022.426996
 20
-1092.979262
  0
POINT
  8
3
 10
-3005.151968
 20
-1092.977785
  0
POINT
  8
3
 10
-2988.008501
 20
-1092.976561
  0
POINT
  8
3
 10
-2971.034233
 20
-1092.975574
  0
POINT
  8
3
 10
-2954.266837
 20
-1092.974810
  0
POINT
  8
3
 10
-2937.743765
 20
-1092.974253
  0
POINT
  8
3
 10
-2921.502692
 20
-1092.973889
  0
POINT
  8
3
 10
-2905.581216
 20
-1092.973703
  0
POINT
  8
3
 10
-2890.016938
 20
-1092.973679
  0
POINT
  8
3
 10
-2874.847523
 20
-1092.973802
  0
POINT
  8
3
 10
-2852.915795
 20
-1092.974230
  0
POINT
  8
3
 10
-2832.083860
 20
-1092.974906
  0
POINT
  8
3
 10
-2812.478672
 20
-1092.975777
  0
POINT
  8
3
 10
-2794.227017
 20
-1092.976795
  0
POINT
  8
3
 10
-2777.455852
 20
-1092.977908
  0
POINT
  8
3
 10
-2762.292119
 20
-1092.979064
  0
POINT
  8
3
 10
-2744.793463
 20
-1092.980588
  0
POINT
  8
3
 10
-2727.714137
 20
-1092.982293
  0
POINT
  8
3
 10
-2713.804570
 20
-1092.983886
  0
POLYLINE
  8
8
  66
1
  70
0
  0
VERTEX
  8
8
  10
-3008.831787
  20
-952.921677
  0
VERTEX
  8
8
  10
-3008.831787
  20
-970.515240
  0
VERTEX
  8
8
  10
-3008.831787
  20
-987.992205
  0
VERTEX
  8
8
  10
-3008.831787
  20
-1004.664958
  0
VERTEX
  8
8
  10
-3008.831787
  20
-1020.665313
  0
VERTEX
  8
8
  10
-3008.831787
  20
-1037.896579
  0
VERTEX
  8
8
  10
-3008.831787
  20
-1056.030032
  0
VERTEX
  8
8
  10
-3008.831787
  20
-1071.593244
  0
VERTEX
  8
8
  10
-3008.831787
  20
-1087.364413
  0
VERTEX
  8
8
  10
-3008.831787
  20
-1104.618196
  0
VERTEX
  8
8
  10
-3008.831787
  20
-1120.202253
  0
VERTEX
  8
8
  10
-3008.831787
  20
-1135.394594
  0
VERTEX
  8
8
  10
-3008.831787
  20
-1152.832516
  0
VERTEX
  8
8
  10
-3008.831787
  20
-1169.085851
  0
VERTEX
  8
8
  10
-3008.831787
  20
-1183.816107
  0
VERTEX
  8
8
  10
-3008.831787
  20
-1198.624891
  0
VERTEX
  8
8
  10
-3008.831787
  20
-1213.076773
  0
VERTEX
  8
8
  10
-3008.831787
  20
-1222.789612
  0
SEQEND
  8
8
  0
POINT
  8
2
 10
-3008.831787
 20
-952.921677
  0
TEXT
  8
2
 10
-3008.831787
 20
-952.921677
 40
0.000000
 50
0.000000
  1
# 42
  0
POINT
  8
2
 10
-3008.831787
 20
-1222.789612
  0
TEXT
  8
2
 10
-3008.831787
 20
-1222.789612
 40
0.000000
 50
0.000000
  1
# 43
  0
POINT
  8
3
 10
-3008.831787
 20
-970.515240
  0
POINT
  8
3
 10
-3008.831787
 20
-987.992205
  0
POINT
  8
3
 10
-3008.831787
 20
-1004.664958
  0
POINT
  8
3
 10
-3008.831787
 20
-1020.665313
  0
POINT
  8
3
 10
-3008.831787
 20
-1037.896579
  0
POINT
  8
3
 10
-3008.831787
 20
-1056.030032
  0
POINT
  8
3
 10
-3008.831787
 20
-1071.593244
  0
POINT
  8
3
 10
-3008.831787
 20
-1087.364413
  0
POINT
  8
3
 10
-3008.831787
 20
-1104.618196
  0
POINT
  8
3
 10
-3008.831787
 20
-1120.202253
  0
POINT
  8
3
 10
-3008.831787
 20
-1135.394594
  0
POINT
  8
3
 10
-3008.831787
 20
-1152.832516
  0
POINT
  8
3
 10
-3008.831787
 20
-1169.085851
  0
POINT
  8
3
 10
-3008.831787
 20
-1183.816107
  0
POINT
  8
3
 10
-3008.831787
 20
-1198.624891
  0
POINT
  8
3
 10
-3008.831787
 20
-1213.076773
  0
POLYLINE
  8
8
  66
1
  70
0
  0
VERTEX
  8
8
  10
-2704.065552
  20
-880.864716
  0
VERTEX
  8
8
  10
-2714.543152
  20
-1237.628860
  0
SEQEND
  8
8
  0
POINT
  8
2
 10
-2704.065552
 20
-880.864716
  0
TEXT
  8
2
 10
-2704.065552
 20
-880.864716
 40
0.000000
 50
0.000000
  1
# 44
  0
POINT
  8
2
 10
-2714.543152
 20
-1237.628860
  0
TEXT
  8
2
 10
-2714.543152
 20
-1237.628860
 40
0.000000
 50
0.000000
  1
# 45
  0
POINT
  8
13
 10
-2502.995911
 20
-1038.867264
  0
TEXT
  8
13
 10
-2502.995911
 20
-1038.867264
 40
0.000000
 50
0.000000
  1
# 46
  0
POINT
  8
13
 10
-2513.088989
 20
-1187.784576
  0
TEXT
  8
13
 10
-2513.088989
 20
-1187.784576
 40
0.000000
 50
0.000000
  1
# 47
 0
LINE
 8
7
 10
-3387.257385
 20
-1086.681671
 11
-2519.147034
 21
-1086.681671
  0
TEXT
  8
1
 10
-2969.862747
 20
-1058.837666
 40
10.000000
 50
0.000000
  1
Piece Name: noname..30
  0
TEXT
  8
1
 10
-2969.862747
 20
-1043.837666
 40
10.000000
 50
0.000000
  1
Size: 30
  0
TEXT
  8
1
 10
-2969.862747
 20
-1028.837666
 40
10.000000
 50
0.000000
  1
Annotation: 
  0
TEXT
  8
1
 10
-2969.862747
 20
-1013.837666
 40
10.000000
 50
0.000000
  1
Quantity: 2
  0
TEXT
  8
1
 10
-2969.862747
 20
-998.837666
 40
10.000000
 50
0.000000
  1
Category: 0
0
ENDBLK
0
BLOCK
  8
1
  2
noname..30
 70
0
 10
0.0
 20
0.0
  0
POLYLINE
  8
1
  66
1
  70
1
  0
VERTEX
  8
1
  10
-2922.737122
  20
-819.109421
  0
VERTEX
  8
1
  10
-2922.737122
  20
-819.109421
  0
VERTEX
  8
1
  10
-2925.532213
  20
-819.023205
  0
VERTEX
  8
1
  10
-2941.024932
  20
-818.535799
  0
VERTEX
  8
1
  10
-2956.517279
  20
-818.034662
  0
VERTEX
  8
1
  10
-2971.787265
  20
-817.530906
  0
VERTEX
  8
1
  10
-2987.278911
  20
-817.012232
  0
VERTEX
  8
1
  10
-3002.491807
  20
-816.494992
  0
VERTEX
  8
1
  10
-3017.982932
  20
-815.959636
  0
VERTEX
  8
1
  10
-3033.473791
  20
-815.415512
  0
VERTEX
  8
1
  10
-3048.700423
  20
-814.872131
  0
VERTEX
  8
1
  10
-3064.190716
  20
-814.310341
  0
VERTEX
  8
1
  10
-3079.359332
  20
-813.750995
  0
VERTEX
  8
1
  10
-3094.848870
  20
-813.169928
  0
VERTEX
  8
1
  10
-3109.883835
  20
-812.595863
  0
VERTEX
  8
1
  10
-3125.372449
  20
-811.993457
  0
VERTEX
  8
1
  10
-3140.602512
  20
-811.389360
  0
VERTEX
  8
1
  10
-3156.090205
  20
-810.762275
  0
VERTEX
  8
1
  10
-3171.416434
  20
-810.128320
  0
VERTEX
  8
1
  10
-3186.903058
  20
-809.474227
  0
VERTEX
  8
1
  10
-3202.009770
  20
-808.824229
  0
VERTEX
  8
1
  10
-3217.495407
  20
-808.146739
  0
VERTEX
  8
1
  10
-3232.825092
  20
-807.465678
  0
VERTEX
  8
1
  10
-3248.309798
  20
-806.767833
  0
VERTEX
  8
1
  10
-3263.794078
  20
-806.060432
  0
VERTEX
  8
1
  10
-3278.818457
  20
-805.365258
  0
VERTEX
  8
1
  10
-3294.301913
  20
-804.640438
  0
VERTEX
  8
1
  10
-3309.686319
  20
-803.912479
  0
VERTEX
  8
1
  10
-3325.168928
  20
-803.171175
  0
VERTEX
  8
1
  10
-3340.152797
  20
-802.443392
  0
VERTEX
  8
1
  10
-3355.634448
  20
-801.680980
  0
VERTEX
  8
1
  10
-3370.030518
  20
-800.966873
  0
VERTEX
  8
1
  10
-3370.915645
  20
-800.922977
  0
VERTEX
  8
1
  10
-3386.251206
  20
-800.161375
  0
VERTEX
  8
1
  10
-3401.773071
  20
-799.390488
  0
VERTEX
  8
1
  10
-3401.696394
  20
-783.539546
  0
VERTEX
  8
1
  10
-3401.623627
  20
-768.487738
  0
VERTEX
  8
1
  10
-3401.550853
  20
-753.435939
  0
VERTEX
  8
1
  10
-3401.477087
  20
-738.190339
  0
VERTEX
  8
1
  10
-3401.404222
  20
-723.138540
  0
VERTEX
  8
1
  10
-3401.331572
  20
-708.130295
  0
VERTEX
  8
1
  10
-3401.258738
  20
-693.078497
  0
VERTEX
  8
1
  10
-3401.184055
  20
-677.636386
  0
VERTEX
  8
1
  10
-3401.111279
  20
-662.584580
  0
VERTEX
  8
1
  10
-3401.038695
  20
-647.576345
  0
VERTEX
  8
1
  10
-3400.965868
  20
-632.524545
  0
VERTEX
  8
1
  10
-3400.893040
  20
-617.472752
  0
VERTEX
  8
1
  10
-3400.838623
  20
-606.223488
  0
VERTEX
  8
1
  10
-3385.249018
  20
-605.483142
  0
VERTEX
  8
1
  10
-3370.157049
  20
-604.766430
  0
VERTEX
  8
1
  10
-3369.080811
  20
-604.715309
  0
VERTEX
  8
1
  10
-3354.991164
  20
-604.046211
  0
VERTEX
  8
1
  10
-3339.745576
  20
-603.322209
  0
VERTEX
  8
1
  10
-3324.638481
  20
-602.604786
  0
VERTEX
  8
1
  10
-3309.392976
  20
-601.880793
  0
VERTEX
  8
1
  10
-3294.332586
  20
-601.165591
  0
VERTEX
  8
1
  10
-3279.087005
  20
-600.441593
  0
VERTEX
  8
1
  10
-3263.809589
  20
-599.716079
  0
VERTEX
  8
1
  10
-3248.564028
  20
-598.992078
  0
VERTEX
  8
1
  10
-3233.139107
  20
-598.259563
  0
VERTEX
  8
1
  10
-3217.893513
  20
-597.535562
  0
VERTEX
  8
1
  10
-3202.511294
  20
-596.805065
  0
VERTEX
  8
1
  10
-3187.265787
  20
-596.081058
  0
VERTEX
  8
1
  10
-3172.158662
  20
-595.363628
  0
VERTEX
  8
1
  10
-3156.913072
  20
-594.639626
  0
VERTEX
  8
1
  10
-3141.668349
  20
-593.915663
  0
VERTEX
  8
1
  10
-3126.422797
  20
-593.191664
  0
VERTEX
  8
1
  10
-3111.410367
  20
-592.478744
  0
VERTEX
  8
1
  10
-3096.164726
  20
-591.754748
  0
VERTEX
  8
1
  10
-3081.057556
  20
-591.037319
  0
VERTEX
  8
1
  10
-3065.812043
  20
-590.313316
  0
VERTEX
  8
1
  10
-3050.519936
  20
-589.587106
  0
VERTEX
  8
1
  10
-3035.274444
  20
-588.863110
  0
VERTEX
  8
1
  10
-3020.289178
  20
-588.151467
  0
VERTEX
  8
1
  10
-3005.043600
  20
-587.427462
  0
VERTEX
  8
1
  10
-2989.591608
  20
-586.693661
  0
VERTEX
  8
1
  10
-2974.345946
  20
-585.969657
  0
VERTEX
  8
1
  10
-2958.898828
  20
-585.236077
  0
VERTEX
  8
1
  10
-2943.868683
  20
-584.522296
  0
VERTEX
  8
1
  10
-2928.761169
  20
-583.804845
  0
VERTEX
  8
1
  10
-2922.945862
  20
-583.528709
  0
VERTEX
  8
1
  10
-2923.149414
  20
-583.538933
  0
VERTEX
  8
1
  10
-2907.762807
  20
-582.311588
  0
VERTEX
  8
1
  10
-2892.359076
  20
-581.009034
  0
VERTEX
  8
1
  10
-2877.160538
  20
-579.626733
  0
VERTEX
  8
1
  10
-2862.089705
  20
-578.165068
  0
VERTEX
  8
1
  10
-2846.717247
  20
-576.593976
  0
VERTEX
  8
1
  10
-2831.662615
  20
-574.975577
  0
VERTEX
  8
1
  10
-2816.589055
  20
-573.271178
  0
VERTEX
  8
1
  10
-2801.553542
  20
-571.483158
  0
VERTEX
  8
1
  10
-2786.361323
  20
-569.581940
  0
VERTEX
  8
1
  10
-2771.350171
  20
-567.599846
  0
VERTEX
  8
1
  10
-2756.139513
  20
-565.475402
  0
VERTEX
  8
1
  10
-2741.160838
  20
-563.261138
  0
VERTEX
  8
1
  10
-2726.071073
  20
-560.903232
  0
VERTEX
  8
1
  10
-2711.129641
  20
-558.450008
  0
VERTEX
  8
1
  10
-2696.268938
  20
-555.903426
  0
VERTEX
  8
1
  10
-2681.361293
  20
-553.252761
  0
VERTEX
  8
1
  10
-2666.136651
  20
-550.455930
  0
VERTEX
  8
1
  10
-2651.260126
  20
-547.635943
  0
VERTEX
  8
1
  10
-2636.268862
  20
-544.706839
  0
VERTEX
  8
1
  10
-2621.423405
  20
-541.727234
  0
VERTEX
  8
1
  10
-2606.591459
  20
-538.681447
  0
VERTEX
  8
1
  10
-2600.921631
  20
-537.501755
  0
VERTEX
  8
1
  10
-2596.459359
  20
-543.969232
  0
VERTEX
  8
1
  10
-2592.730176
  20
-548.966876
  0
VERTEX
  8
1
  10
-2589.819781
  20
-552.512835
  0
VERTEX
  8
1
  10
-2586.912590
  20
-555.662593
  0
VERTEX
  8
1
  10
-2584.001746
  20
-558.471985
  0
VERTEX
  8
1
  10
-2581.082795
  20
-560.954336
  0
VERTEX
  8
1
  10
-2578.313147
  20
-563.001545
  0
VERTEX
  8
1
  10
-2575.589556
  20
-564.717776
  0
VERTEX
  8
1
  10
-2572.583888
  20
-566.302657
  0
VERTEX
  8
1
  10
-2569.143997
  20
-567.818980
  0
VERTEX
  8
1
  10
-2565.291099
  20
-569.235343
  0
VERTEX
  8
1
  10
-2560.882029
  20
-570.582058
  0
VERTEX
  8
1
  10
-2555.668535
  20
-571.897901
  0
VERTEX
  8
1
  10
-2549.576615
  20
-573.165169
  0
VERTEX
  8
1
  10
-2541.930927
  20
-574.475180
  0
VERTEX
  8
1
  10
-2534.056738
  20
-575.577109
  0
VERTEX
  8
1
  10
-2525.915203
  20
-576.462567
  0
VERTEX
  8
1
  10
-2522.212830
  20
-576.799583
  0
VERTEX
  8
1
  10
-2506.636914
  20
-578.264988
  0
VERTEX
  8
1
  10
-2491.607427
  20
-579.726701
  0
VERTEX
  8
1
  10
-2476.308585
  20
-581.281083
  0
VERTEX
  8
1
  10
-2460.954551
  20
-582.924461
  0
VERTEX
  8
1
  10
-2445.690636
  20
-584.649426
  0
VERTEX
  8
1
  10
-2430.356570
  20
-586.469929
  0
VERTEX
  8
1
  10
-2415.299763
  20
-588.334274
  0
VERTEX
  8
1
  10
-2399.984602
  20
-590.307197
  0
VERTEX
  8
1
  10
-2384.660159
  20
-592.358193
  0
VERTEX
  8
1
  10
-2369.520274
  20
-594.426982
  0
VERTEX
  8
1
  10
-2360.226593
  20
-595.698357
  0
VERTEX
  8
1
  10
-2360.436868
  20
-612.329334
  0
VERTEX
  8
1
  10
-2360.400862
  20
-627.843718
  0
VERTEX
  8
1
  10
-2360.122784
  20
-643.413692
  0
VERTEX
  8
1
  10
-2359.604623
  20
-657.565218
  0
VERTEX
  8
1
  10
-2358.770474
  20
-672.797965
  0
VERTEX
  8
1
  10
-2357.718378
  20
-687.964254
  0
VERTEX
  8
1
  10
-2357.211609
  20
-694.303284
  0
VERTEX
  8
1
  10
-2371.263579
  20
-696.770384
  0
VERTEX
  8
1
  10
-2376.273307
  20
-697.717842
  0
VERTEX
  8
1
  10
-2381.389453
  20
-698.967293
  0
VERTEX
  8
1
  10
-2386.591040
  20
-700.477539
  0
VERTEX
  8
1
  10
-2391.427661
  20
-702.132757
  0
VERTEX
  8
1
  10
-2395.936672
  20
-703.928111
  0
VERTEX
  8
1
  10
-2400.029632
  20
-705.811300
  0
VERTEX
  8
1
  10
-2403.795716
  20
-707.808291
  0
VERTEX
  8
1
  10
-2407.183887
  20
-709.879997
  0
VERTEX
  8
1
  10
-2410.198114
  20
-712.009743
  0
VERTEX
  8
1
  10
-2412.783166
  20
-714.124982
  0
VERTEX
  8
1
  10
-2415.063594
  20
-716.297842
  0
VERTEX
  8
1
  10
-2417.028632
  20
-718.500661
  0
VERTEX
  8
1
  10
-2418.679093
  20
-720.708235
  0
VERTEX
  8
1
  10
-2420.148868
  20
-723.092208
  0
VERTEX
  8
1
  10
-2421.498524
  20
-725.785428
  0
VERTEX
  8
1
  10
-2422.670731
  20
-728.691634
  0
VERTEX
  8
1
  10
-2423.700340
  20
-731.916395
  0
VERTEX
  8
1
  10
-2424.592973
  20
-735.564844
  0
VERTEX
  8
1
  10
-2425.315424
  20
-739.626013
  0
VERTEX
  8
1
  10
-2425.851196
  20
-744.141893
  0
VERTEX
  8
1
  10
-2426.175474
  20
-749.017215
  0
VERTEX
  8
1
  10
-2426.282864
  20
-754.551646
  0
VERTEX
  8
1
  10
-2426.143340
  20
-760.798574
  0
VERTEX
  8
1
  10
-2425.703097
  20
-768.396482
  0
VERTEX
  8
1
  10
-2424.940711
  20
-777.226169
  0
VERTEX
  8
1
  10
-2423.882048
  20
-786.597637
  0
VERTEX
  8
1
  10
-2422.484276
  20
-796.727729
  0
VERTEX
  8
1
  10
-2420.139976
  20
-811.644123
  0
VERTEX
  8
1
  10
-2418.900299
  20
-819.600983
  0
VERTEX
  8
1
  10
-2421.031989
  20
-819.911415
  0
VERTEX
  8
1
  10
-2435.687458
  20
-821.913294
  0
VERTEX
  8
1
  10
-2450.582821
  20
-823.760063
  0
VERTEX
  8
1
  10
-2465.929136
  20
-825.444247
  0
VERTEX
  8
1
  10
-2479.744824
  20
-826.719322
  0
VERTEX
  8
1
  10
-2493.962453
  20
-827.769132
  0
VERTEX
  8
1
  10
-2508.767149
  20
-828.597937
  0
VERTEX
  8
1
  10
-2523.682366
  20
-829.180723
  0
VERTEX
  8
1
  10
-2539.073479
  20
-829.547832
  0
VERTEX
  8
1
  10
-2554.475417
  20
-829.719103
  0
VERTEX
  8
1
  10
-2569.870789
  20
-829.732378
  0
VERTEX
  8
1
  10
-2585.154246
  20
-829.621635
  0
VERTEX
  8
1
  10
-2600.548264
  20
-829.422910
  0
VERTEX
  8
1
  10
-2615.809920
  20
-829.182221
  0
VERTEX
  8
1
  10
-2631.202826
  20
-828.913095
  0
VERTEX
  8
1
  10
-2646.375091
  20
-828.609616
  0
VERTEX
  8
1
  10
-2661.766268
  20
-828.249085
  0
VERTEX
  8
1
  10
-2676.964723
  20
-827.828051
  0
VERTEX
  8
1
  10
-2692.352165
  20
-827.337186
  0
VERTEX
  8
1
  10
-2707.499073
  20
-826.809912
  0
VERTEX
  8
1
  10
-2722.884128
  20
-826.248456
  0
VERTEX
  8
1
  10
-2738.234238
  20
-825.678270
  0
VERTEX
  8
1
  10
-2753.618826
  20
-825.107394
  0
VERTEX
  8
1
  10
-2768.789650
  20
-824.548713
  0
VERTEX
  8
1
  10
-2784.174707
  20
-823.987831
  0
VERTEX
  8
1
  10
-2799.506565
  20
-823.433438
  0
VERTEX
  8
1
  10
-2814.891947
  20
-822.880870
  0
VERTEX
  8
1
  10
-2830.430073
  20
-822.326642
  0
VERTEX
  8
1
  10
-2845.815657
  20
-821.781568
  0
VERTEX
  8
1
  10
-2861.132942
  20
-821.242247
  0
VERTEX
  8
1
  10
-2876.518817
  20
-820.703800
  0
VERTEX
  8
1
  10
-2891.774437
  20
-820.173822
  0
VERTEX
  8
1
  10
-2906.978578
  20
-819.649621
  0
SEQEND
  8
1
  0
POINT
  8
2
 10
-2922.737122
 20
-819.109421
  0
TEXT
  8
2
 10
-2922.737122
 20
-819.109421
 40
0.000000
 50
0.000000
  1
# 48
  0
POINT
  8
2
 10
-3401.773071
 20
-799.390488
  0
TEXT
  8
2
 10
-3401.773071
 20
-799.390488
 40
0.000000
 50
0.000000
  1
# 49
  0
POINT
  8
2
 10
-3400.838623
 20
-606.223488
  0
TEXT
  8
2
 10
-3400.838623
 20
-606.223488
 40
0.000000
 50
0.000000
  1
# 50
  0
POINT
  8
2
 10
-2923.149414
 20
-583.538933
  0
TEXT
  8
2
 10
-2923.149414
 20
-583.538933
 40
0.000000
 50
0.000000
  1
# 51
  0
POINT
  8
2
 10
-2600.921631
 20
-537.501755
  0
TEXT
  8
2
 10
-2600.921631
 20
-537.501755
 40
0.000000
 50
0.000000
  1
# 52
  0
POINT
  8
2
 10
-2522.212830
 20
-576.799583
  0
TEXT
  8
2
 10
-2522.212830
 20
-576.799583
 40
0.000000
 50
0.000000
  1
# 53
  0
POINT
  8
2
 10
-2360.226593
 20
-595.698357
  0
TEXT
  8
2
 10
-2360.226593
 20
-595.698357
 40
0.000000
 50
0.000000
  1
# 54
  0
POINT
  8
2
 10
-2357.211609
 20
-694.303284
  0
TEXT
  8
2
 10
-2357.211609
 20
-694.303284
 40
0.000000
 50
0.000000
  1
# 55
  0
POINT
  8
2
 10
-2418.900299
 20
-819.600983
  0
TEXT
  8
2
 10
-2418.900299
 20
-819.600983
 40
0.000000
 50
0.000000
  1
# 56
  0
POINT
  8
3
 10
-2922.737122
 20
-819.109421
  0
POINT
  8
3
 10
-2925.532213
 20
-819.023205
  0
POINT
  8
3
 10
-2941.024932
 20
-818.535799
  0
POINT
  8
3
 10
-2956.517279
 20
-818.034662
  0
POINT
  8
3
 10
-2971.787265
 20
-817.530906
  0
POINT
  8
3
 10
-2987.278911
 20
-817.012232
  0
POINT
  8
3
 10
-3002.491807
 20
-816.494992
  0
POINT
  8
3
 10
-3017.982932
 20
-815.959636
  0
POINT
  8
3
 10
-3033.473791
 20
-815.415512
  0
POINT
  8
3
 10
-3048.700423
 20
-814.872131
  0
POINT
  8
3
 10
-3064.190716
 20
-814.310341
  0
POINT
  8
3
 10
-3079.359332
 20
-813.750995
  0
POINT
  8
3
 10
-3094.848870
 20
-813.169928
  0
POINT
  8
3
 10
-3109.883835
 20
-812.595863
  0
POINT
  8
3
 10
-3125.372449
 20
-811.993457
  0
POINT
  8
3
 10
-3140.602512
 20
-811.389360
  0
POINT
  8
3
 10
-3156.090205
 20
-810.762275
  0
POINT
  8
3
 10
-3171.416434
 20
-810.128320
  0
POINT
  8
3
 10
-3186.903058
 20
-809.474227
  0
POINT
  8
3
 10
-3202.009770
 20
-808.824229
  0
POINT
  8
3
 10
-3217.495407
 20
-808.146739
  0
POINT
  8
3
 10
-3232.825092
 20
-807.465678
  0
POINT
  8
3
 10
-3248.309798
 20
-806.767833
  0
POINT
  8
3
 10
-3263.794078
 20
-806.060432
  0
POINT
  8
3
 10
-3278.818457
 20
-805.365258
  0
POINT
  8
3
 10
-3294.301913
 20
-804.640438
  0
POINT
  8
3
 10
-3309.686319
 20
-803.912479
  0
POINT
  8
3
 10
-3325.168928
 20
-803.171175
  0
POINT
  8
3
 10
-3340.152797
 20
-802.443392
  0
POINT
  8
3
 10
-3355.634448
 20
-801.680980
  0
POINT
  8
3
 10
-3370.030518
 20
-800.966873
  0
POINT
  8
3
 10
-3370.915645
 20
-800.922977
  0
POINT
  8
3
 10
-3386.251206
 20
-800.161375
  0
POINT
  8
3
 10
-3401.696394
 20
-783.539546
  0
POINT
  8
3
 10
-3401.623627
 20
-768.487738
  0
POINT
  8
3
 10
-3401.550853
 20
-753.435939
  0
POINT
  8
3
 10
-3401.477087
 20
-738.190339
  0
POINT
  8
3
 10
-3401.404222
 20
-723.138540
  0
POINT
  8
3
 10
-3401.331572
 20
-708.130295
  0
POINT
  8
3
 10
-3401.258738
 20
-693.078497
  0
POINT
  8
3
 10
-3401.184055
 20
-677.636386
  0
POINT
  8
3
 10
-3401.111279
 20
-662.584580
  0
POINT
  8
3
 10
-3401.038695
 20
-647.576345
  0
POINT
  8
3
 10
-3400.965868
 20
-632.524545
  0
POINT
  8
3
 10
-3400.893040
 20
-617.472752
  0
POINT
  8
3
 10
-3385.249018
 20
-605.483142
  0
POINT
  8
3
 10
-3370.157049
 20
-604.766430
  0
POINT
  8
3
 10
-3369.080811
 20
-604.715309
  0
POINT
  8
3
 10
-3354.991164
 20
-604.046211
  0
POINT
  8
3
 10
-3339.745576
 20
-603.322209
  0
POINT
  8
3
 10
-3324.638481
 20
-602.604786
  0
POINT
  8
3
 10
-3309.392976
 20
-601.880793
  0
POINT
  8
3
 10
-3294.332586
 20
-601.165591
  0
POINT
  8
3
 10
-3279.087005
 20
-600.441593
  0
POINT
  8
3
 10
-3263.809589
 20
-599.716079
  0
POINT
  8
3
 10
-3248.564028
 20
-598.992078
  0
POINT
  8
3
 10
-3233.139107
 20
-598.259563
  0
POINT
  8
3
 10
-3217.893513
 20
-597.535562
  0
POINT
  8
3
 10
-3202.511294
 20
-596.805065
  0
POINT
  8
3
 10
-3187.265787
 20
-596.081058
  0
POINT
  8
3
 10
-3172.158662
 20
-595.363628
  0
POINT
  8
3
 10
-3156.913072
 20
-594.639626
  0
POINT
  8
3
 10
-3141.668349
 20
-593.915663
  0
POINT
  8
3
 10
-3126.422797
 20
-593.191664
  0
POINT
  8
3
 10
-3111.410367
 20
-592.478744
  0
POINT
  8
3
 10
-3096.164726
 20
-591.754748
  0
POINT
  8
3
 10
-3081.057556
 20
-591.037319
  0
POINT
  8
3
 10
-3065.812043
 20
-590.313316
  0
POINT
  8
3
 10
-3050.519936
 20
-589.587106
  0
POINT
  8
3
 10
-3035.274444
 20
-588.863110
  0
POINT
  8
3
 10
-3020.289178
 20
-588.151467
  0
POINT
  8
3
 10
-3005.043600
 20
-587.427462
  0
POINT
  8
3
 10
-2989.591608
 20
-586.693661
  0
POINT
  8
3
 10
-2974.345946
 20
-585.969657
  0
POINT
  8
3
 10
-2958.898828
 20
-585.236077
  0
POINT
  8
3
 10
-2943.868683
 20
-584.522296
  0
POINT
  8
3
 10
-2928.761169
 20
-583.804845
  0
POINT
  8
3
 10
-2922.945862
 20
-583.528709
  0
POINT
  8
3
 10
-2907.762807
 20
-582.311588
  0
POINT
  8
3
 10
-2892.359076
 20
-581.009034
  0
POINT
  8
3
 10
-2877.160538
 20
-579.626733
  0
POINT
  8
3
 10
-2862.089705
 20
-578.165068
  0
POINT
  8
3
 10
-2846.717247
 20
-576.593976
  0
POINT
  8
3
 10
-2831.662615
 20
-574.975577
  0
POINT
  8
3
 10
-2816.589055
 20
-573.271178
  0
POINT
  8
3
 10
-2801.553542
 20
-571.483158
  0
POINT
  8
3
 10
-2786.361323
 20
-569.581940
  0
POINT
  8
3
 10
-2771.350171
 20
-567.599846
  0
POINT
  8
3
 10
-2756.139513
 20
-565.475402
  0
POINT
  8
3
 10
-2741.160838
 20
-563.261138
  0
POINT
  8
3
 10
-2726.071073
 20
-560.903232
  0
POINT
  8
3
 10
-2711.129641
 20
-558.450008
  0
POINT
  8
3
 10
-2696.268938
 20
-555.903426
  0
POINT
  8
3
 10
-2681.361293
 20
-553.252761
  0
POINT
  8
3
 10
-2666.136651
 20
-550.455930
  0
POINT
  8
3
 10
-2651.260126
 20
-547.635943
  0
POINT
  8
3
 10
-2636.268862
 20
-544.706839
  0
POINT
  8
3
 10
-2621.423405
 20
-541.727234
  0
POINT
  8
3
 10
-2606.591459
 20
-538.681447
  0
POINT
  8
3
 10
-2596.459359
 20
-543.969232
  0
POINT
  8
3
 10
-2592.730176
 20
-548.966876
  0
POINT
  8
3
 10
-2589.819781
 20
-552.512835
  0
POINT
  8
3
 10
-2586.912590
 20
-555.662593
  0
POINT
  8
3
 10
-2584.001746
 20
-558.471985
  0
POINT
  8
3
 10
-2581.082795
 20
-560.954336
  0
POINT
  8
3
 10
-2578.313147
 20
-563.001545
  0
POINT
  8
3
 10
-2575.589556
 20
-564.717776
  0
POINT
  8
3
 10
-2572.583888
 20
-566.302657
  0
POINT
  8
3
 10
-2569.143997
 20
-567.818980
  0
POINT
  8
3
 10
-2565.291099
 20
-569.235343
  0
POINT
  8
3
 10
-2560.882029
 20
-570.582058
  0
POINT
  8
3
 10
-2555.668535
 20
-571.897901
  0
POINT
  8
3
 10
-2549.576615
 20
-573.165169
  0
POINT
  8
3
 10
-2541.930927
 20
-574.475180
  0
POINT
  8
3
 10
-2534.056738
 20
-575.577109
  0
POINT
  8
3
 10
-2525.915203
 20
-576.462567
  0
POINT
  8
3
 10
-2506.636914
 20
-578.264988
  0
POINT
  8
3
 10
-2491.607427
 20
-579.726701
  0
POINT
  8
3
 10
-2476.308585
 20
-581.281083
  0
POINT
  8
3
 10
-2460.954551
 20
-582.924461
  0
POINT
  8
3
 10
-2445.690636
 20
-584.649426
  0
POINT
  8
3
 10
-2430.356570
 20
-586.469929
  0
POINT
  8
3
 10
-2415.299763
 20
-588.334274
  0
POINT
  8
3
 10
-2399.984602
 20
-590.307197
  0
POINT
  8
3
 10
-2384.660159
 20
-592.358193
  0
POINT
  8
3
 10
-2369.520274
 20
-594.426982
  0
POINT
  8
3
 10
-2360.436868
 20
-612.329334
  0
POINT
  8
3
 10
-2360.400862
 20
-627.843718
  0
POINT
  8
3
 10
-2360.122784
 20
-643.413692
  0
POINT
  8
3
 10
-2359.604623
 20
-657.565218
  0
POINT
  8
3
 10
-2358.770474
 20
-672.797965
  0
POINT
  8
3
 10
-2357.718378
 20
-687.964254
  0
POINT
  8
3
 10
-2371.263579
 20
-696.770384
  0
POINT
  8
3
 10
-2376.273307
 20
-697.717842
  0
POINT
  8
3
 10
-2381.389453
 20
-698.967293
  0
POINT
  8
3
 10
-2386.591040
 20
-700.477539
  0
POINT
  8
3
 10
-2391.427661
 20
-702.132757
  0
POINT
  8
3
 10
-2395.936672
 20
-703.928111
  0
POINT
  8
3
 10
-2400.029632
 20
-705.811300
  0
POINT
  8
3
 10
-2403.795716
 20
-707.808291
  0
POINT
  8
3
 10
-2407.183887
 20
-709.879997
  0
POINT
  8
3
 10
-2410.198114
 20
-712.009743
  0
POINT
  8
3
 10
-2412.783166
 20
-714.124982
  0
POINT
  8
3
 10
-2415.063594
 20
-716.297842
  0
POINT
  8
3
 10
-2417.028632
 20
-718.500661
  0
POINT
  8
3
 10
-2418.679093
 20
-720.708235
  0
POINT
  8
3
 10
-2420.148868
 20
-723.092208
  0
POINT
  8
3
 10
-2421.498524
 20
-725.785428
  0
POINT
  8
3
 10
-2422.670731
 20
-728.691634
  0
POINT
  8
3
 10
-2423.700340
 20
-731.916395
  0
POINT
  8
3
 10
-2424.592973
 20
-735.564844
  0
POINT
  8
3
 10
-2425.315424
 20
-739.626013
  0
POINT
  8
3
 10
-2425.851196
 20
-744.141893
  0
POINT
  8
3
 10
-2426.175474
 20
-749.017215
  0
POINT
  8
3
 10
-2426.282864
 20
-754.551646
  0
POINT
  8
3
 10
-2426.143340
 20
-760.798574
  0
POINT
  8
3
 10
-2425.703097
 20
-768.396482
  0
POINT
  8
3
 10
-2424.940711
 20
-777.226169
  0
POINT
  8
3
 10
-2423.882048
 20
-786.597637
  0
POINT
  8
3
 10
-2422.484276
 20
-796.727729
  0
POINT
  8
3
 10
-2420.139976
 20
-811.644123
  0
POINT
  8
3
 10
-2421.031989
 20
-819.911415
  0
POINT
  8
3
 10
-2435.687458
 20
-821.913294
  0
POINT
  8
3
 10
-2450.582821
 20
-823.760063
  0
POINT
  8
3
 10
-2465.929136
 20
-825.444247
  0
POINT
  8
3
 10
-2479.744824
 20
-826.719322
  0
POINT
  8
3
 10
-2493.962453
 20
-827.769132
  0
POINT
  8
3
 10
-2508.767149
 20
-828.597937
  0
POINT
  8
3
 10
-2523.682366
 20
-829.180723
  0
POINT
  8
3
 10
-2539.073479
 20
-829.547832
  0
POINT
  8
3
 10
-2554.475417
 20
-829.719103
  0
POINT
  8
3
 10
-2569.870789
 20
-829.732378
  0
POINT
  8
3
 10
-2585.154246
 20
-829.621635
  0
POINT
  8
3
 10
-2600.548264
 20
-829.422910
  0
POINT
  8
3
 10
-2615.809920
 20
-829.182221
  0
POINT
  8
3
 10
-2631.202826
 20
-828.913095
  0
POINT
  8
3
 10
-2646.375091
 20
-828.609616
  0
POINT
  8
3
 10
-2661.766268
 20
-828.249085
  0
POINT
  8
3
 10
-2676.964723
 20
-827.828051
  0
POINT
  8
3
 10
-2692.352165
 20
-827.337186
  0
POINT
  8
3
 10
-2707.499073
 20
-826.809912
  0
POINT
  8
3
 10
-2722.884128
 20
-826.248456
  0
POINT
  8
3
 10
-2738.234238
 20
-825.678270
  0
POINT
  8
3
 10
-2753.618826
 20
-825.107394
  0
POINT
  8
3
 10
-2768.789650
 20
-824.548713
  0
POINT
  8
3
 10
-2784.174707
 20
-823.987831
  0
POINT
  8
3
 10
-2799.506565
 20
-823.433438
  0
POINT
  8
3
 10
-2814.891947
 20
-822.880870
  0
POINT
  8
3
 10
-2830.430073
 20
-822.326642
  0
POINT
  8
3
 10
-2845.815657
 20
-821.781568
  0
POINT
  8
3
 10
-2861.132942
 20
-821.242247
  0
POINT
  8
3
 10
-2876.518817
 20
-820.703800
  0
POINT
  8
3
 10
-2891.774437
 20
-820.173822
  0
POINT
  8
3
 10
-2906.978578
 20
-819.649621
  0
POINT
  8
4
 10
-2922.737122
 20
-819.109421
 30
1.524000
 50
 88.23
  0
TEXT
  8
4
 10
-2922.737122
 20
-819.109421
 40
0.000000
 50
0.000000
  1
# 57
  0
POINT
  8
4
 10
-3370.030518
 20
-800.966873
 30
1.524000
 50
 89.72
  0
TEXT
  8
4
 10
-3370.030518
 20
-800.966873
 40
0.000000
 50
0.000000
  1
# 58
  0
POINT
  8
4
 10
-3369.080811
 20
-604.715309
 30
1.524000
 50
269.72
  0
TEXT
  8
4
 10
-3369.080811
 20
-604.715309
 40
0.000000
 50
0.000000
  1
# 59
  0
POINT
  8
4
 10
-2922.945862
 20
-583.528709
 30
1.524000
 50
272.72
  0
TEXT
  8
4
 10
-2922.945862
 20
-583.528709
 40
0.000000
 50
0.000000
  1
# 60
  0
POLYLINE
  8
14
  66
1
  70
1
  0
VERTEX
  8
14
  10
-2922.345886
  20
-806.415405
  0
VERTEX
  8
14
  10
-2922.345886
  20
-806.415405
  0
VERTEX
  8
14
  10
-2924.257438
  20
-806.356493
  0
VERTEX
  8
14
  10
-2938.508876
  20
-805.907941
  0
VERTEX
  8
14
  10
-2952.971862
  20
-805.442310
  0
VERTEX
  8
14
  10
-2967.974837
  20
-804.950397
  0
VERTEX
  8
14
  10
-2985.357629
  20
-804.370062
  0
VERTEX
  8
14
  10
-3000.786775
  20
-803.845923
  0
VERTEX
  8
14
  10
-3017.412389
  20
-803.271695
  0
VERTEX
  8
14
  10
-3035.089235
  20
-802.650268
  0
VERTEX
  8
14
  10
-3053.672201
  20
-801.984531
  0
VERTEX
  8
14
  10
-3073.016045
  20
-801.277375
  0
VERTEX
  8
14
  10
-3087.935962
  20
-800.721564
  0
VERTEX
  8
14
  10
-3103.140985
  20
-800.145299
  0
VERTEX
  8
14
  10
-3118.569869
  20
-799.549798
  0
VERTEX
  8
14
  10
-3134.161329
  20
-798.936283
  0
VERTEX
  8
14
  10
-3149.854195
  20
-798.305969
  0
VERTEX
  8
14
  10
-3165.372555
  20
-797.669004
  0
VERTEX
  8
14
  10
-3181.078504
  20
-797.010265
  0
VERTEX
  8
14
  10
-3196.679880
  20
-796.342995
  0
VERTEX
  8
14
  10
-3212.097946
  20
-795.671918
  0
VERTEX
  8
14
  10
-3227.253965
  20
-795.001759
  0
VERTEX
  8
14
  10
-3246.918356
  20
-794.117804
  0
VERTEX
  8
14
  10
-3265.790387
  20
-793.255076
  0
VERTEX
  8
14
  10
-3283.683466
  20
-792.424773
  0
VERTEX
  8
14
  10
-3300.411004
  20
-791.638091
  0
VERTEX
  8
14
  10
-3319.397121
  20
-790.733143
  0
VERTEX
  8
14
  10
-3335.906098
  20
-789.935721
  0
VERTEX
  8
14
  10
-3351.933924
  20
-789.151544
  0
VERTEX
  8
14
  10
-3369.968872
  20
-788.254318
  0
VERTEX
  8
14
  10
-3369.968872
  20
-788.254318
  0
VERTEX
  8
14
  10
-3369.880431
  20
-769.973395
  0
VERTEX
  8
14
  10
-3369.793610
  20
-752.027416
  0
VERTEX
  8
14
  10
-3369.707389
  20
-734.205240
  0
VERTEX
  8
14
  10
-3369.632737
  20
-718.774571
  0
VERTEX
  8
14
  10
-3369.555664
  20
-702.843439
  0
VERTEX
  8
14
  10
-3369.478591
  20
-686.912307
  0
VERTEX
  8
14
  10
-3369.403939
  20
-671.481620
  0
VERTEX
  8
14
  10
-3369.317718
  20
-653.659453
  0
VERTEX
  8
14
  10
-3369.243791
  20
-638.378656
  0
VERTEX
  8
14
  10
-3369.169952
  20
-623.116099
  0
VERTEX
  8
14
  10
-3369.142456
  20
-617.432556
  0
VERTEX
  8
14
  10
-3369.142456
  20
-617.432556
  0
VERTEX
  8
14
  10
-3345.120599
  20
-616.291776
  0
VERTEX
  8
14
  10
-3327.909538
  20
-615.474436
  0
VERTEX
  8
14
  10
-3307.016968
  20
-614.482264
  0
VERTEX
  8
14
  10
-3291.316011
  20
-613.736637
  0
VERTEX
  8
14
  10
-3274.387877
  20
-612.932733
  0
VERTEX
  8
14
  10
-3256.396195
  20
-612.078321
  0
VERTEX
  8
14
  10
-3237.504587
  20
-611.181173
  0
VERTEX
  8
14
  10
-3217.876678
  20
-610.249059
  0
VERTEX
  8
14
  10
-3197.676107
  20
-609.289749
  0
VERTEX
  8
14
  10
-3177.066461
  20
-608.311012
  0
VERTEX
  8
14
  10
-3156.211400
  20
-607.320621
  0
VERTEX
  8
14
  10
-3135.274490
  20
-606.326343
  0
VERTEX
  8
14
  10
-3114.419429
  20
-605.335952
  0
VERTEX
  8
14
  10
-3093.809765
  20
-604.357215
  0
VERTEX
  8
14
  10
-3073.609195
  20
-603.397905
  0
VERTEX
  8
14
  10
-3053.981304
  20
-602.465791
  0
VERTEX
  8
14
  10
-3035.089680
  20
-601.568642
  0
VERTEX
  8
14
  10
-3017.098015
  20
-600.714232
  0
VERTEX
  8
14
  10
-3000.169896
  20
-599.910328
  0
VERTEX
  8
14
  10
-2984.468919
  20
-599.164701
  0
VERTEX
  8
14
  10
-2970.158762
  20
-598.485122
  0
VERTEX
  8
14
  10
-2951.659174
  20
-597.606591
  0
VERTEX
  8
14
  10
-2937.209247
  20
-596.920375
  0
VERTEX
  8
14
  10
-2923.625158
  20
-596.275276
  0
VERTEX
  8
14
  10
-2922.343445
  20
-596.214409
  0
VERTEX
  8
14
  10
-2922.343445
  20
-596.214409
  0
VERTEX
  8
14
  10
-2905.506001
  20
-594.887828
  0
VERTEX
  8
14
  10
-2889.709472
  20
-593.525259
  0
VERTEX
  8
14
  10
-2872.491936
  20
-591.935889
  0
VERTEX
  8
14
  10
-2855.595688
  20
-590.275684
  0
VERTEX
  8
14
  10
-2840.239774
  20
-588.680387
  0
VERTEX
  8
14
  10
-2823.911693
  20
-586.891144
  0
VERTEX
  8
14
  10
-2806.787319
  20
-584.906636
  0
VERTEX
  8
14
  10
-2789.042468
  20
-582.725539
  0
VERTEX
  8
14
  10
-2770.853023
  20
-580.346537
  0
VERTEX
  8
14
  10
-2752.394797
  20
-577.768306
  0
VERTEX
  8
14
  10
-2735.232566
  20
-575.204741
  0
VERTEX
  8
14
  10
-2716.789779
  20
-572.263953
  0
VERTEX
  8
14
  10
-2698.750522
  20
-569.223444
  0
VERTEX
  8
14
  10
-2681.422207
  20
-566.168029
  0
VERTEX
  8
14
  10
-2665.112250
  20
-563.182521
  0
VERTEX
  8
14
  10
-2650.128098
  20
-560.351742
  0
VERTEX
  8
14
  10
-2634.330045
  20
-557.278471
  0
VERTEX
  8
14
  10
-2619.580226
  20
-554.324498
  0
VERTEX
  8
14
  10
-2605.101013
  20
-551.327553
  0
VERTEX
  8
14
  10
-2602.252071
  20
-555.339322
  0
VERTEX
  8
14
  10
-2599.036584
  20
-559.325763
  0
VERTEX
  8
14
  10
-2595.552049
  20
-563.172196
  0
VERTEX
  8
14
  10
-2592.283791
  20
-566.385059
  0
VERTEX
  8
14
  10
-2588.623937
  20
-569.558692
  0
VERTEX
  8
14
  10
-2585.126195
  20
-572.187423
  0
VERTEX
  8
14
  10
-2582.059646
  20
-574.172327
  0
VERTEX
  8
14
  10
-2578.697168
  20
-576.028948
  0
VERTEX
  8
14
  10
-2575.187238
  20
-577.679629
  0
VERTEX
  8
14
  10
-2570.936961
  20
-579.369309
  0
VERTEX
  8
14
  10
-2565.919854
  20
-581.024223
  0
VERTEX
  8
14
  10
-2560.785264
  20
-582.425726
  0
VERTEX
  8
14
  10
-2554.937045
  20
-583.752966
  0
VERTEX
  8
14
  10
-2547.604810
  20
-585.130529
  0
VERTEX
  8
14
  10
-2539.619762
  20
-586.362893
  0
VERTEX
  8
14
  10
-2531.232615
  20
-587.411811
  0
VERTEX
  8
14
  10
-2523.277740
  20
-588.179893
  0
VERTEX
  8
14
  10
-2506.630759
  20
-589.737531
  0
VERTEX
  8
14
  10
-2490.413579
  20
-591.331894
  0
VERTEX
  8
14
  10
-2474.424607
  20
-592.976091
  0
VERTEX
  8
14
  10
-2458.935630
  20
-594.647529
  0
VERTEX
  8
14
  10
-2443.743562
  20
-596.379197
  0
VERTEX
  8
14
  10
-2428.187555
  20
-598.249123
  0
VERTEX
  8
14
  10
-2411.926983
  20
-600.290285
  0
VERTEX
  8
14
  10
-2396.202589
  20
-602.337097
  0
VERTEX
  8
14
  10
-2381.087512
  20
-604.369122
  0
VERTEX
  8
14
  10
-2372.989655
  20
-605.488625
  0
VERTEX
  8
14
  10
-2373.096101
  20
-621.524024
  0
VERTEX
  8
14
  10
-2372.953858
  20
-637.128488
  0
VERTEX
  8
14
  10
-2372.584222
  20
-651.123661
  0
VERTEX
  8
14
  10
-2371.925783
  20
-665.401808
  0
VERTEX
  8
14
  10
-2370.994639
  20
-680.391479
  0
VERTEX
  8
14
  10
-2370.348969
  20
-688.892136
  0
VERTEX
  8
14
  10
-2376.486611
  20
-689.977381
  0
VERTEX
  8
14
  10
-2382.760373
  20
-691.446798
  0
VERTEX
  8
14
  10
-2388.773027
  20
-693.175742
  0
VERTEX
  8
14
  10
-2394.495487
  20
-695.143931
  0
VERTEX
  8
14
  10
-2399.578995
  20
-697.201565
  0
VERTEX
  8
14
  10
-2404.690169
  20
-699.628316
  0
VERTEX
  8
14
  10
-2408.876889
  20
-701.951038
  0
VERTEX
  8
14
  10
-2412.917421
  20
-704.562676
  0
VERTEX
  8
14
  10
-2415.994060
  20
-706.869953
  0
VERTEX
  8
14
  10
-2418.890527
  20
-709.379199
  0
VERTEX
  8
14
  10
-2421.568324
  20
-712.097994
  0
VERTEX
  8
14
  10
-2423.988957
  20
-715.033920
  0
VERTEX
  8
14
  10
-2426.027734
  20
-718.049018
  0
VERTEX
  8
14
  10
-2427.865277
  20
-721.416217
  0
VERTEX
  8
14
  10
-2429.418010
  20
-724.980669
  0
VERTEX
  8
14
  10
-2430.704855
  20
-728.721749
  0
VERTEX
  8
14
  10
-2431.744736
  20
-732.618841
  0
VERTEX
  8
14
  10
-2432.556581
  20
-736.651329
  0
VERTEX
  8
14
  10
-2433.279541
  20
-741.850928
  0
VERTEX
  8
14
  10
-2433.712729
  20
-747.189601
  0
VERTEX
  8
14
  10
-2433.902100
  20
-753.722890
  0
VERTEX
  8
14
  10
-2433.791300
  20
-760.328880
  0
VERTEX
  8
14
  10
-2433.367866
  20
-768.034935
  0
VERTEX
  8
14
  10
-2432.588055
  20
-777.024770
  0
VERTEX
  8
14
  10
-2431.441972
  20
-787.255781
  0
VERTEX
  8
14
  10
-2429.925591
  20
-798.484823
  0
VERTEX
  8
14
  10
-2428.419037
  20
-808.062592
  0
VERTEX
  8
14
  10
-2442.173104
  20
-809.907997
  0
VERTEX
  8
14
  10
-2458.067498
  20
-811.817565
  0
VERTEX
  8
14
  10
-2472.799607
  20
-813.355416
  0
VERTEX
  8
14
  10
-2486.770749
  20
-814.547402
  0
VERTEX
  8
14
  10
-2501.986872
  20
-815.539254
  0
VERTEX
  8
14
  10
-2517.226770
  20
-816.248867
  0
VERTEX
  8
14
  10
-2532.485541
  20
-816.712188
  0
VERTEX
  8
14
  10
-2547.758325
  20
-816.965166
  0
VERTEX
  8
14
  10
-2563.040258
  20
-817.043749
  0
VERTEX
  8
14
  10
-2578.326478
  20
-816.983887
  0
VERTEX
  8
14
  10
-2593.612123
  20
-816.821529
  0
VERTEX
  8
14
  10
-2608.892291
  20
-816.592624
  0
VERTEX
  8
14
  10
-2624.814663
  20
-816.321120
  0
VERTEX
  8
14
  10
-2640.073298
  20
-816.038555
  0
VERTEX
  8
14
  10
-2655.325902
  20
-815.708633
  0
VERTEX
  8
14
  10
-2670.524158
  20
-815.310031
  0
VERTEX
  8
14
  10
-2685.775205
  20
-814.845347
  0
VERTEX
  8
14
  10
-2701.026124
  20
-814.331487
  0
VERTEX
  8
14
  10
-2716.276876
  20
-813.784112
  0
VERTEX
  8
14
  10
-2731.527458
  20
-813.218885
  0
VERTEX
  8
14
  10
-2747.072074
  20
-812.640221
  0
VERTEX
  8
14
  10
-2762.269597
  20
-812.079510
  0
VERTEX
  8
14
  10
-2777.324249
  20
-811.528804
  0
VERTEX
  8
14
  10
-2793.973001
  20
-810.924796
  0
VERTEX
  8
14
  10
-2810.188366
  20
-810.341176
  0
VERTEX
  8
14
  10
-2825.836605
  20
-809.782037
  0
VERTEX
  8
14
  10
-2842.395731
  20
-809.194459
  0
VERTEX
  8
14
  10
-2857.906201
  20
-808.647765
  0
VERTEX
  8
14
  10
-2873.537569
  20
-808.100321
  0
VERTEX
  8
14
  10
-2889.755081
  20
-807.536090
  0
VERTEX
  8
14
  10
-2905.792723
  20
-806.982071
  0
SEQEND
  8
14
  0
POINT
  8
2
 10
-2922.345886
 20
-806.415405
  0
TEXT
  8
2
 10
-2922.345886
 20
-806.415405
 40
0.000000
 50
0.000000
  1
# 61
  0
POINT
  8
2
 10
-3369.968872
 20
-788.254318
  0
TEXT
  8
2
 10
-3369.968872
 20
-788.254318
 40
0.000000
 50
0.000000
  1
# 62
  0
POINT
  8
2
 10
-3369.142456
 20
-617.432556
  0
TEXT
  8
2
 10
-3369.142456
 20
-617.432556
 40
0.000000
 50
0.000000
  1
# 63
  0
POINT
  8
2
 10
-2922.343445
 20
-596.214409
  0
TEXT
  8
2
 10
-2922.343445
 20
-596.214409
 40
0.000000
 50
0.000000
  1
# 64
  0
POINT
  8
2
 10
-2605.101013
 20
-551.327553
  0
TEXT
  8
2
 10
-2605.101013
 20
-551.327553
 40
0.000000
 50
0.000000
  1
# 65
  0
POINT
  8
2
 10
-2523.277740
 20
-588.179893
  0
TEXT
  8
2
 10
-2523.277740
 20
-588.179893
 40
0.000000
 50
0.000000
  1
# 66
  0
POINT
  8
2
 10
-2372.989655
 20
-605.488625
  0
TEXT
  8
2
 10
-2372.989655
 20
-605.488625
 40
0.000000
 50
0.000000
  1
# 67
  0
POINT
  8
2
 10
-2370.348969
 20
-688.892136
  0
TEXT
  8
2
 10
-2370.348969
 20
-688.892136
 40
0.000000
 50
0.000000
  1
# 68
  0
POINT
  8
2
 10
-2428.419037
 20
-808.062592
  0
TEXT
  8
2
 10
-2428.419037
 20
-808.062592
 40
0.000000
 50
0.000000
  1
# 69
  0
POINT
  8
3
 10
-2922.345886
 20
-806.415405
  0
POINT
  8
3
 10
-2924.257438
 20
-806.356493
  0
POINT
  8
3
 10
-2938.508876
 20
-805.907941
  0
POINT
  8
3
 10
-2952.971862
 20
-805.442310
  0
POINT
  8
3
 10
-2967.974837
 20
-804.950397
  0
POINT
  8
3
 10
-2985.357629
 20
-804.370062
  0
POINT
  8
3
 10
-3000.786775
 20
-803.845923
  0
POINT
  8
3
 10
-3017.412389
 20
-803.271695
  0
POINT
  8
3
 10
-3035.089235
 20
-802.650268
  0
POINT
  8
3
 10
-3053.672201
 20
-801.984531
  0
POINT
  8
3
 10
-3073.016045
 20
-801.277375
  0
POINT
  8
3
 10
-3087.935962
 20
-800.721564
  0
POINT
  8
3
 10
-3103.140985
 20
-800.145299
  0
POINT
  8
3
 10
-3118.569869
 20
-799.549798
  0
POINT
  8
3
 10
-3134.161329
 20
-798.936283
  0
POINT
  8
3
 10
-3149.854195
 20
-798.305969
  0
POINT
  8
3
 10
-3165.372555
 20
-797.669004
  0
POINT
  8
3
 10
-3181.078504
 20
-797.010265
  0
POINT
  8
3
 10
-3196.679880
 20
-796.342995
  0
POINT
  8
3
 10
-3212.097946
 20
-795.671918
  0
POINT
  8
3
 10
-3227.253965
 20
-795.001759
  0
POINT
  8
3
 10
-3246.918356
 20
-794.117804
  0
POINT
  8
3
 10
-3265.790387
 20
-793.255076
  0
POINT
  8
3
 10
-3283.683466
 20
-792.424773
  0
POINT
  8
3
 10
-3300.411004
 20
-791.638091
  0
POINT
  8
3
 10
-3319.397121
 20
-790.733143
  0
POINT
  8
3
 10
-3335.906098
 20
-789.935721
  0
POINT
  8
3
 10
-3351.933924
 20
-789.151544
  0
POINT
  8
3
 10
-3369.968872
 20
-788.254318
  0
POINT
  8
3
 10
-3369.880431
 20
-769.973395
  0
POINT
  8
3
 10
-3369.793610
 20
-752.027416
  0
POINT
  8
3
 10
-3369.707389
 20
-734.205240
  0
POINT
  8
3
 10
-3369.632737
 20
-718.774571
  0
POINT
  8
3
 10
-3369.555664
 20
-702.843439
  0
POINT
  8
3
 10
-3369.478591
 20
-686.912307
  0
POINT
  8
3
 10
-3369.403939
 20
-671.481620
  0
POINT
  8
3
 10
-3369.317718
 20
-653.659453
  0
POINT
  8
3
 10
-3369.243791
 20
-638.378656
  0
POINT
  8
3
 10
-3369.169952
 20
-623.116099
  0
POINT
  8
3
 10
-3369.142456
 20
-617.432556
  0
POINT
  8
3
 10
-3345.120599
 20
-616.291776
  0
POINT
  8
3
 10
-3327.909538
 20
-615.474436
  0
POINT
  8
3
 10
-3307.016968
 20
-614.482264
  0
POINT
  8
3
 10
-3291.316011
 20
-613.736637
  0
POINT
  8
3
 10
-3274.387877
 20
-612.932733
  0
POINT
  8
3
 10
-3256.396195
 20
-612.078321
  0
POINT
  8
3
 10
-3237.504587
 20
-611.181173
  0
POINT
  8
3
 10
-3217.876678
 20
-610.249059
  0
POINT
  8
3
 10
-3197.676107
 20
-609.289749
  0
POINT
  8
3
 10
-3177.066461
 20
-608.311012
  0
POINT
  8
3
 10
-3156.211400
 20
-607.320621
  0
POINT
  8
3
 10
-3135.274490
 20
-606.326343
  0
POINT
  8
3
 10
-3114.419429
 20
-605.335952
  0
POINT
  8
3
 10
-3093.809765
 20
-604.357215
  0
POINT
  8
3
 10
-3073.609195
 20
-603.397905
  0
POINT
  8
3
 10
-3053.981304
 20
-602.465791
  0
POINT
  8
3
 10
-3035.089680
 20
-601.568642
  0
POINT
  8
3
 10
-3017.098015
 20
-600.714232
  0
POINT
  8
3
 10
-3000.169896
 20
-599.910328
  0
POINT
  8
3
 10
-2984.468919
 20
-599.164701
  0
POINT
  8
3
 10
-2970.158762
 20
-598.485122
  0
POINT
  8
3
 10
-2951.659174
 20
-597.606591
  0
POINT
  8
3
 10
-2937.209247
 20
-596.920375
  0
POINT
  8
3
 10
-2923.625158
 20
-596.275276
  0
POINT
  8
3
 10
-2922.343445
 20
-596.214409
  0
POINT
  8
3
 10
-2905.506001
 20
-594.887828
  0
POINT
  8
3
 10
-2889.709472
 20
-593.525259
  0
POINT
  8
3
 10
-2872.491936
 20
-591.935889
  0
POINT
  8
3
 10
-2855.595688
 20
-590.275684
  0
POINT
  8
3
 10
-2840.239774
 20
-588.680387
  0
POINT
  8
3
 10
-2823.911693
 20
-586.891144
  0
POINT
  8
3
 10
-2806.787319
 20
-584.906636
  0
POINT
  8
3
 10
-2789.042468
 20
-582.725539
  0
POINT
  8
3
 10
-2770.853023
 20
-580.346537
  0
POINT
  8
3
 10
-2752.394797
 20
-577.768306
  0
POINT
  8
3
 10
-2735.232566
 20
-575.204741
  0
POINT
  8
3
 10
-2716.789779
 20
-572.263953
  0
POINT
  8
3
 10
-2698.750522
 20
-569.223444
  0
POINT
  8
3
 10
-2681.422207
 20
-566.168029
  0
POINT
  8
3
 10
-2665.112250
 20
-563.182521
  0
POINT
  8
3
 10
-2650.128098
 20
-560.351742
  0
POINT
  8
3
 10
-2634.330045
 20
-557.278471
  0
POINT
  8
3
 10
-2619.580226
 20
-554.324498
  0
POINT
  8
3
 10
-2602.252071
 20
-555.339322
  0
POINT
  8
3
 10
-2599.036584
 20
-559.325763
  0
POINT
  8
3
 10
-2595.552049
 20
-563.172196
  0
POINT
  8
3
 10
-2592.283791
 20
-566.385059
  0
POINT
  8
3
 10
-2588.623937
 20
-569.558692
  0
POINT
  8
3
 10
-2585.126195
 20
-572.187423
  0
POINT
  8
3
 10
-2582.059646
 20
-574.172327
  0
POINT
  8
3
 10
-2578.697168
 20
-576.028948
  0
POINT
  8
3
 10
-2575.187238
 20
-577.679629
  0
POINT
  8
3
 10
-2570.936961
 20
-579.369309
  0
POINT
  8
3
 10
-2565.919854
 20
-581.024223
  0
POINT
  8
3
 10
-2560.785264
 20
-582.425726
  0
POINT
  8
3
 10
-2554.937045
 20
-583.752966
  0
POINT
  8
3
 10
-2547.604810
 20
-585.130529
  0
POINT
  8
3
 10
-2539.619762
 20
-586.362893
  0
POINT
  8
3
 10
-2531.232615
 20
-587.411811
  0
POINT
  8
3
 10
-2506.630759
 20
-589.737531
  0
POINT
  8
3
 10
-2490.413579
 20
-591.331894
  0
POINT
  8
3
 10
-2474.424607
 20
-592.976091
  0
POINT
  8
3
 10
-2458.935630
 20
-594.647529
  0
POINT
  8
3
 10
-2443.743562
 20
-596.379197
  0
POINT
  8
3
 10
-2428.187555
 20
-598.249123
  0
POINT
  8
3
 10
-2411.926983
 20
-600.290285
  0
POINT
  8
3
 10
-2396.202589
 20
-602.337097
  0
POINT
  8
3
 10
-2381.087512
 20
-604.369122
  0
POINT
  8
3
 10
-2373.096101
 20
-621.524024
  0
POINT
  8
3
 10
-2372.953858
 20
-637.128488
  0
POINT
  8
3
 10
-2372.584222
 20
-651.123661
  0
POINT
  8
3
 10
-2371.925783
 20
-665.401808
  0
POINT
  8
3
 10
-2370.994639
 20
-680.391479
  0
POINT
  8
3
 10
-2376.486611
 20
-689.977381
  0
POINT
  8
3
 10
-2382.760373
 20
-691.446798
  0
POINT
  8
3
 10
-2388.773027
 20
-693.175742
  0
POINT
  8
3
 10
-2394.495487
 20
-695.143931
  0
POINT
  8
3
 10
-2399.578995
 20
-697.201565
  0
POINT
  8
3
 10
-2404.690169
 20
-699.628316
  0
POINT
  8
3
 10
-2408.876889
 20
-701.951038
  0
POINT
  8
3
 10
-2412.917421
 20
-704.562676
  0
POINT
  8
3
 10
-2415.994060
 20
-706.869953
  0
POINT
  8
3
 10
-2418.890527
 20
-709.379199
  0
POINT
  8
3
 10
-2421.568324
 20
-712.097994
  0
POINT
  8
3
 10
-2423.988957
 20
-715.033920
  0
POINT
  8
3
 10
-2426.027734
 20
-718.049018
  0
POINT
  8
3
 10
-2427.865277
 20
-721.416217
  0
POINT
  8
3
 10
-2429.418010
 20
-724.980669
  0
POINT
  8
3
 10
-2430.704855
 20
-728.721749
  0
POINT
  8
3
 10
-2431.744736
 20
-732.618841
  0
POINT
  8
3
 10
-2432.556581
 20
-736.651329
  0
POINT
  8
3
 10
-2433.279541
 20
-741.850928
  0
POINT
  8
3
 10
-2433.712729
 20
-747.189601
  0
POINT
  8
3
 10
-2433.902100
 20
-753.722890
  0
POINT
  8
3
 10
-2433.791300
 20
-760.328880
  0
POINT
  8
3
 10
-2433.367866
 20
-768.034935
  0
POINT
  8
3
 10
-2432.588055
 20
-777.024770
  0
POINT
  8
3
 10
-2431.441972
 20
-787.255781
  0
POINT
  8
3
 10
-2429.925591
 20
-798.484823
  0
POINT
  8
3
 10
-2442.173104
 20
-809.907997
  0
POINT
  8
3
 10
-2458.067498
 20
-811.817565
  0
POINT
  8
3
 10
-2472.799607
 20
-813.355416
  0
POINT
  8
3
 10
-2486.770749
 20
-814.547402
  0
POINT
  8
3
 10
-2501.986872
 20
-815.539254
  0
POINT
  8
3
 10
-2517.226770
 20
-816.248867
  0
POINT
  8
3
 10
-2532.485541
 20
-816.712188
  0
POINT
  8
3
 10
-2547.758325
 20
-816.965166
  0
POINT
  8
3
 10
-2563.040258
 20
-817.043749
  0
POINT
  8
3
 10
-2578.326478
 20
-816.983887
  0
POINT
  8
3
 10
-2593.612123
 20
-816.821529
  0
POINT
  8
3
 10
-2608.892291
 20
-816.592624
  0
POINT
  8
3
 10
-2624.814663
 20
-816.321120
  0
POINT
  8
3
 10
-2640.073298
 20
-816.038555
  0
POINT
  8
3
 10
-2655.325902
 20
-815.708633
  0
POINT
  8
3
 10
-2670.524158
 20
-815.310031
  0
POINT
  8
3
 10
-2685.775205
 20
-814.845347
  0
POINT
  8
3
 10
-2701.026124
 20
-814.331487
  0
POINT
  8
3
 10
-2716.276876
 20
-813.784112
  0
POINT
  8
3
 10
-2731.527458
 20
-813.218885
  0
POINT
  8
3
 10
-2747.072074
 20
-812.640221
  0
POINT
  8
3
 10
-2762.269597
 20
-812.079510
  0
POINT
  8
3
 10
-2777.324249
 20
-811.528804
  0
POINT
  8
3
 10
-2793.973001
 20
-810.924796
  0
POINT
  8
3
 10
-2810.188366
 20
-810.341176
  0
POINT
  8
3
 10
-2825.836605
 20
-809.782037
  0
POINT
  8
3
 10
-2842.395731
 20
-809.194459
  0
POINT
  8
3
 10
-2857.906201
 20
-808.647765
  0
POINT
  8
3
 10
-2873.537569
 20
-808.100321
  0
POINT
  8
3
 10
-2889.755081
 20
-807.536090
  0
POINT
  8
3
 10
-2905.792723
 20
-806.982071
  0
POINT
  8
4
 10
-2922.345886
 20
-806.415405
 30
1.524000
 50
 88.23
  0
TEXT
  8
4
 10
-2922.345886
 20
-806.415405
 40
0.000000
 50
0.000000
  1
# 70
  0
POINT
  8
4
 10
-3369.968872
 20
-788.254318
 30
1.524000
 50
 89.74
  0
TEXT
  8
4
 10
-3369.968872
 20
-788.254318
 40
0.000000
 50
0.000000
  1
# 71
  0
POINT
  8
4
 10
-3369.142456
 20
-617.432556
 30
1.524000
 50
269.74
  0
TEXT
  8
4
 10
-3369.142456
 20
-617.432556
 40
0.000000
 50
0.000000
  1
# 72
  0
POINT
  8
4
 10
-2922.343445
 20
-596.214409
 30
1.524000
 50
272.72
  0
TEXT
  8
4
 10
-2922.343445
 20
-596.214409
 40
0.000000
 50
0.000000
  1
# 73
  0
POLYLINE
  8
8
  66
1
  70
0
  0
VERTEX
  8
8
  10
-3369.555664
  20
-706.611252
  0
VERTEX
  8
8
  10
-3351.573189
  20
-706.661670
  0
VERTEX
  8
8
  10
-3334.420390
  20
-706.707716
  0
VERTEX
  8
8
  10
-3317.106214
  20
-706.752688
  0
VERTEX
  8
8
  10
-3296.874021
  20
-706.803531
  0
VERTEX
  8
8
  10
-3279.937519
  20
-706.844761
  0
VERTEX
  8
8
  10
-3261.609333
  20
-706.888059
  0
VERTEX
  8
8
  10
-3241.996478
  20
-706.932896
  0
VERTEX
  8
8
  10
-3221.205953
  20
-706.978740
  0
VERTEX
  8
8
  10
-3199.344805
  20
-707.025065
  0
VERTEX
  8
8
  10
-3176.520034
  20
-707.071339
  0
VERTEX
  8
8
  10
-3160.821022
  20
-707.101900
  0
VERTEX
  8
8
  10
-3144.773003
  20
-707.132046
  0
VERTEX
  8
8
  10
-3128.407687
  20
-707.161621
  0
VERTEX
  8
8
  10
-3111.756781
  20
-707.190468
  0
VERTEX
  8
8
  10
-3094.851995
  20
-707.218430
  0
VERTEX
  8
8
  10
-3077.725035
  20
-707.245350
  0
VERTEX
  8
8
  10
-3060.407611
  20
-707.271072
  0
VERTEX
  8
8
  10
-3042.931431
  20
-707.295439
  0
VERTEX
  8
8
  10
-3025.328204
  20
-707.318294
  0
VERTEX
  8
8
  10
-3007.629636
  20
-707.339479
  0
VERTEX
  8
8
  10
-2989.867437
  20
-707.358839
  0
VERTEX
  8
8
  10
-2972.073316
  20
-707.376215
  0
VERTEX
  8
8
  10
-2954.160895
  20
-707.391591
  0
VERTEX
  8
8
  10
-2936.406044
  20
-707.404822
  0
VERTEX
  8
8
  10
-2918.727760
  20
-707.416122
  0
VERTEX
  8
8
  10
-2901.164330
  20
-707.425598
  0
VERTEX
  8
8
  10
-2883.754038
  20
-707.433355
  0
VERTEX
  8
8
  10
-2866.535170
  20
-707.439497
  0
VERTEX
  8
8
  10
-2849.546011
  20
-707.444131
  0
VERTEX
  8
8
  10
-2832.824846
  20
-707.447361
  0
VERTEX
  8
8
  10
-2816.409960
  20
-707.449293
  0
VERTEX
  8
8
  10
-2800.339638
  20
-707.450032
  0
VERTEX
  8
8
  10
-2784.652166
  20
-707.449683
  0
VERTEX
  8
8
  10
-2769.385828
  20
-707.448352
  0
VERTEX
  8
8
  10
-2754.578910
  20
-707.446144
  0
VERTEX
  8
8
  10
-2733.313635
  20
-707.441418
  0
VERTEX
  8
8
  10
-2713.297471
  20
-707.435310
  0
VERTEX
  8
8
  10
-2694.659568
  20
-707.428177
  0
VERTEX
  8
8
  10
-2677.529139
  20
-707.420374
  0
VERTEX
  8
8
  10
-2662.035396
  20
-707.412256
  0
VERTEX
  8
8
  10
-2644.146358
  20
-707.401557
  0
VERTEX
  8
8
  10
-2629.702977
  20
-707.391772
  0
VERTEX
  8
8
  10
-2615.168501
  20
-707.380652
  0
VERTEX
  8
8
  10
-2610.109558
  20
-707.376328
  0
SEQEND
  8
8
  0
POINT
  8
2
 10
-3369.555664
 20
-706.611252
  0
TEXT
  8
2
 10
-3369.555664
 20
-706.611252
 40
0.000000
 50
0.000000
  1
# 74
  0
POINT
  8
2
 10
-2610.109558
 20
-707.376328
  0
TEXT
  8
2
 10
-2610.109558
 20
-707.376328
 40
0.000000
 50
0.000000
  1
# 75
  0
POINT
  8
3
 10
-3351.573189
 20
-706.661670
  0
POINT
  8
3
 10
-3334.420390
 20
-706.707716
  0
POINT
  8
3
 10
-3317.106214
 20
-706.752688
  0
POINT
  8
3
 10
-3296.874021
 20
-706.803531
  0
POINT
  8
3
 10
-3279.937519
 20
-706.844761
  0
POINT
  8
3
 10
-3261.609333
 20
-706.888059
  0
POINT
  8
3
 10
-3241.996478
 20
-706.932896
  0
POINT
  8
3
 10
-3221.205953
 20
-706.978740
  0
POINT
  8
3
 10
-3199.344805
 20
-707.025065
  0
POINT
  8
3
 10
-3176.520034
 20
-707.071339
  0
POINT
  8
3
 10
-3160.821022
 20
-707.101900
  0
POINT
  8
3
 10
-3144.773003
 20
-707.132046
  0
POINT
  8
3
 10
-3128.407687
 20
-707.161621
  0
POINT
  8
3
 10
-3111.756781
 20
-707.190468
  0
POINT
  8
3
 10
-3094.851995
 20
-707.218430
  0
POINT
  8
3
 10
-3077.725035
 20
-707.245350
  0
POINT
  8
3
 10
-3060.407611
 20
-707.271072
  0
POINT
  8
3
 10
-3042.931431
 20
-707.295439
  0
POINT
  8
3
 10
-3025.328204
 20
-707.318294
  0
POINT
  8
3
 10
-3007.629636
 20
-707.339479
  0
POINT
  8
3
 10
-2989.867437
 20
-707.358839
  0
POINT
  8
3
 10
-2972.073316
 20
-707.376215
  0
POINT
  8
3
 10
-2954.160895
 20
-707.391591
  0
POINT
  8
3
 10
-2936.406044
 20
-707.404822
  0
POINT
  8
3
 10
-2918.727760
 20
-707.416122
  0
POINT
  8
3
 10
-2901.164330
 20
-707.425598
  0
POINT
  8
3
 10
-2883.754038
 20
-707.433355
  0
POINT
  8
3
 10
-2866.535170
 20
-707.439497
  0
POINT
  8
3
 10
-2849.546011
 20
-707.444131
  0
POINT
  8
3
 10
-2832.824846
 20
-707.447361
  0
POINT
  8
3
 10
-2816.409960
 20
-707.449293
  0
POINT
  8
3
 10
-2800.339638
 20
-707.450032
  0
POINT
  8
3
 10
-2784.652166
 20
-707.449683
  0
POINT
  8
3
 10
-2769.385828
 20
-707.448352
  0
POINT
  8
3
 10
-2754.578910
 20
-707.446144
  0
POINT
  8
3
 10
-2733.313635
 20
-707.441418
  0
POINT
  8
3
 10
-2713.297471
 20
-707.435310
  0
POINT
  8
3
 10
-2694.659568
 20
-707.428177
  0
POINT
  8
3
 10
-2677.529139
 20
-707.420374
  0
POINT
  8
3
 10
-2662.035396
 20
-707.412256
  0
POINT
  8
3
 10
-2644.146358
 20
-707.401557
  0
POINT
  8
3
 10
-2629.702977
 20
-707.391772
  0
POINT
  8
3
 10
-2615.168501
 20
-707.380652
  0
POLYLINE
  8
8
  66
1
  70
0
  0
VERTEX
  8
8
  10
-2523.277740
  20
-588.179626
  0
VERTEX
  8
8
  10
-2543.083344
  20
-816.887741
  0
SEQEND
  8
8
  0
POINT
  8
2
 10
-2523.277740
 20
-588.179626
  0
TEXT
  8
2
 10
-2523.277740
 20
-588.179626
 40
0.000000
 50
0.000000
  1
# 76
  0
POINT
  8
2
 10
-2543.083344
 20
-816.887741
  0
TEXT
  8
2
 10
-2543.083344
 20
-816.887741
 40
0.000000
 50
0.000000
  1
# 77
  0
POLYLINE
  8
8
  66
1
  70
0
  0
VERTEX
  8
8
  10
-2922.343445
  20
-596.214409
  0
VERTEX
  8
8
  10
-2922.343445
  20
-613.992427
  0
VERTEX
  8
8
  10
-2922.343445
  20
-630.669464
  0
VERTEX
  8
8
  10
-2922.343445
  20
-646.753724
  0
VERTEX
  8
8
  10
-2922.343445
  20
-662.310773
  0
VERTEX
  8
8
  10
-2922.343445
  20
-678.828025
  0
VERTEX
  8
8
  10
-2922.343445
  20
-695.900535
  0
VERTEX
  8
8
  10
-2922.343445
  20
-712.137453
  0
VERTEX
  8
8
  10
-2922.343445
  20
-729.121694
  0
VERTEX
  8
8
  10
-2922.343445
  20
-745.445364
  0
VERTEX
  8
8
  10
-2922.343445
  20
-760.688050
  0
VERTEX
  8
8
  10
-2922.343445
  20
-776.245396
  0
VERTEX
  8
8
  10
-2922.343445
  20
-791.978531
  0
VERTEX
  8
8
  10
-2922.343445
  20
-806.415405
  0
SEQEND
  8
8
  0
POINT
  8
2
 10
-2922.343445
 20
-596.214409
  0
TEXT
  8
2
 10
-2922.343445
 20
-596.214409
 40
0.000000
 50
0.000000
  1
# 78
  0
POINT
  8
2
 10
-2922.343445
 20
-806.415405
  0
TEXT
  8
2
 10
-2922.343445
 20
-806.415405
 40
0.000000
 50
0.000000
  1
# 79
  0
POINT
  8
3
 10
-2922.343445
 20
-613.992427
  0
POINT
  8
3
 10
-2922.343445
 20
-630.669464
  0
POINT
  8
3
 10
-2922.343445
 20
-646.753724
  0
POINT
  8
3
 10
-2922.343445
 20
-662.310773
  0
POINT
  8
3
 10
-2922.343445
 20
-678.828025
  0
POINT
  8
3
 10
-2922.343445
 20
-695.900535
  0
POINT
  8
3
 10
-2922.343445
 20
-712.137453
  0
POINT
  8
3
 10
-2922.343445
 20
-729.121694
  0
POINT
  8
3
 10
-2922.343445
 20
-745.445364
  0
POINT
  8
3
 10
-2922.343445
 20
-760.688050
  0
POINT
  8
3
 10
-2922.343445
 20
-776.245396
  0
POINT
  8
3
 10
-2922.343445
 20
-791.978531
  0
POLYLINE
  8
8
  66
1
  70
0
  0
VERTEX
  8
8
  10
-2605.101013
  20
-551.327553
  0
VERTEX
  8
8
  10
-2612.769775
  20
-816.496201
  0
SEQEND
  8
8
  0
POINT
  8
2
 10
-2605.101013
 20
-551.327553
  0
TEXT
  8
2
 10
-2605.101013
 20
-551.327553
 40
0.000000
 50
0.000000
  1
# 80
  0
POINT
  8
2
 10
-2612.769775
 20
-816.496201
  0
TEXT
  8
2
 10
-2612.769775
 20
-816.496201
 40
0.000000
 50
0.000000
  1
# 81
 0
LINE
 8
7
 10
-3341.298828
 20
-702.162857
 11
-2446.712189
 21
-702.162857
  0
TEXT
  8
1
 10
-2879.492340
 20
-683.617066
 40
10.000000
 50
0.000000
  1
Piece Name: noname..30
  0
TEXT
  8
1
 10
-2879.492340
 20
-668.617066
 40
10.000000
 50
0.000000
  1
Size: 30
  0
TEXT
  8
1
 10
-2879.492340
 20
-653.617066
 40
10.000000
 50
0.000000
  1
Annotation: 
  0
TEXT
  8
1
 10
-2879.492340
 20
-638.617066
 40
10.000000
 50
0.000000
  1
Quantity: 2
  0
TEXT
  8
1
 10
-2879.492340
 20
-623.617066
 40
10.000000
 50
0.000000
  1
Category: 1
0
ENDBLK
0
BLOCK
  8
1
  2
noname..30
 70
0
 10
0.0
 20
0.0
  0
POLYLINE
  8
1
  66
1
  70
1
  0
VERTEX
  8
1
  10
-2384.752808
  20
-1317.423401
  0
VERTEX
  8
1
  10
-2397.245941
  20
-1316.387329
  0
VERTEX
  8
1
  10
-2396.924730
  20
-1309.474338
  0
VERTEX
  8
1
  10
-2396.227496
  20
-1294.464051
  0
VERTEX
  8
1
  10
-2395.530905
  20
-1279.456268
  0
VERTEX
  8
1
  10
-2394.824098
  20
-1264.206382
  0
VERTEX
  8
1
  10
-2394.129867
  20
-1249.198531
  0
VERTEX
  8
1
  10
-2393.433402
  20
-1234.114216
  0
VERTEX
  8
1
  10
-2392.741692
  20
-1219.106219
  0
VERTEX
  8
1
  10
-2392.039376
  20
-1203.837976
  0
VERTEX
  8
1
  10
-2391.350548
  20
-1188.829831
  0
VERTEX
  8
1
  10
-2390.653181
  20
-1173.598091
  0
VERTEX
  8
1
  10
-2389.967852
  20
-1158.589797
  0
VERTEX
  8
1
  10
-2389.273771
  20
-1143.351724
  0
VERTEX
  8
1
  10
-2388.591698
  20
-1128.343282
  0
VERTEX
  8
1
  10
-2387.910623
  20
-1113.328584
  0
VERTEX
  8
1
  10
-2387.230938
  20
-1098.320035
  0
VERTEX
  8
1
  10
-2386.531171
  20
-1082.838030
  0
VERTEX
  8
1
  10
-2385.854266
  20
-1067.829354
  0
VERTEX
  8
1
  10
-2385.172337
  20
-1052.683594
  0
VERTEX
  8
1
  10
-2384.520721
  20
-1038.194351
  0
VERTEX
  8
1
  10
-2384.481311
  20
-1037.318614
  0
VERTEX
  8
1
  10
-2383.779907
  20
-1021.711121
  0
VERTEX
  8
1
  10
-2363.827057
  20
-1020.477142
  0
VERTEX
  8
1
  10
-2363.389130
  20
-1020.590897
  0
VERTEX
  8
1
  10
-2348.741967
  20
-1024.396583
  0
VERTEX
  8
1
  10
-2334.317616
  20
-1028.144344
  0
VERTEX
  8
1
  10
-2319.142764
  20
-1032.087097
  0
VERTEX
  8
1
  10
-2304.556443
  20
-1035.876939
  0
VERTEX
  8
1
  10
-2289.988810
  20
-1039.661933
  0
VERTEX
  8
1
  10
-2284.716492
  20
-1041.031799
  0
VERTEX
  8
1
  10
-2286.995774
  20
-1054.505840
  0
VERTEX
  8
1
  10
-2287.396698
  20
-1056.868744
  0
VERTEX
  8
1
  10
-2289.529719
  20
-1069.442260
  0
VERTEX
  8
1
  10
-2291.957389
  20
-1084.312578
  0
VERTEX
  8
1
  10
-2294.309037
  20
-1099.195266
  0
VERTEX
  8
1
  10
-2296.615388
  20
-1114.176832
  0
VERTEX
  8
1
  10
-2298.848389
  20
-1129.077496
  0
VERTEX
  8
1
  10
-2301.016915
  20
-1144.013177
  0
VERTEX
  8
1
  10
-2303.108229
  20
-1158.934461
  0
VERTEX
  8
1
  10
-2305.125512
  20
-1173.891940
  0
VERTEX
  8
1
  10
-2307.053199
  20
-1188.835299
  0
VERTEX
  8
1
  10
-2308.878976
  20
-1203.764802
  0
VERTEX
  8
1
  10
-2310.606682
  20
-1218.732507
  0
VERTEX
  8
1
  10
-2312.256077
  20
-1233.783302
  0
VERTEX
  8
1
  10
-2313.823458
  20
-1248.768752
  0
VERTEX
  8
1
  10
-2315.313837
  20
-1263.761940
  0
VERTEX
  8
1
  10
-2316.756059
  20
-1279.091636
  0
VERTEX
  8
1
  10
-2318.116098
  20
-1294.097240
  0
VERTEX
  8
1
  10
-2319.511108
  20
-1309.659424
  0
VERTEX
  8
1
  10
-2323.134561
  20
-1310.090627
  0
VERTEX
  8
1
  10
-2337.732375
  20
-1311.827815
  0
VERTEX
  8
1
  10
-2353.136517
  20
-1313.660958
  0
VERTEX
  8
1
  10
-2368.710462
  20
-1315.514309
  0
VERTEX
  8
1
  10
-2376.909180
  20
-1316.490021
  0
SEQEND
  8
1
  0
POINT
  8
2
 10
-2384.752808
 20
-1317.423401
  0
TEXT
  8
2
 10
-2384.752808
 20
-1317.423401
 40
0.000000
 50
0.000000
  1
# 82
  0
POINT
  8
2
 10
-2397.245941
 20
-1316.387329
  0
TEXT
  8
2
 10
-2397.245941
 20
-1316.387329
 40
0.000000
 50
0.000000
  1
# 83
  0
POINT
  8
2
 10
-2383.779907
 20
-1021.711121
  0
TEXT
  8
2
 10
-2383.779907
 20
-1021.711121
 40
0.000000
 50
0.000000
  1
# 84
  0
POINT
  8
2
 10
-2363.827057
 20
-1020.477142
  0
TEXT
  8
2
 10
-2363.827057
 20
-1020.477142
 40
0.000000
 50
0.000000
  1
# 85
  0
POINT
  8
2
 10
-2284.716492
 20
-1041.031799
  0
TEXT
  8
2
 10
-2284.716492
 20
-1041.031799
 40
0.000000
 50
0.000000
  1
# 86
  0
POINT
  8
2
 10
-2319.511108
 20
-1309.659424
  0
TEXT
  8
2
 10
-2319.511108
 20
-1309.659424
 40
0.000000
 50
0.000000
  1
# 87
  0
POINT
  8
3
 10
-2396.924730
 20
-1309.474338
  0
POINT
  8
3
 10
-2396.227496
 20
-1294.464051
  0
POINT
  8
3
 10
-2395.530905
 20
-1279.456268
  0
POINT
  8
3
 10
-2394.824098
 20
-1264.206382
  0
POINT
  8
3
 10
-2394.129867
 20
-1249.198531
  0
POINT
  8
3
 10
-2393.433402
 20
-1234.114216
  0
POINT
  8
3
 10
-2392.741692
 20
-1219.106219
  0
POINT
  8
3
 10
-2392.039376
 20
-1203.837976
  0
POINT
  8
3
 10
-2391.350548
 20
-1188.829831
  0
POINT
  8
3
 10
-2390.653181
 20
-1173.598091
  0
POINT
  8
3
 10
-2389.967852
 20
-1158.589797
  0
POINT
  8
3
 10
-2389.273771
 20
-1143.351724
  0
POINT
  8
3
 10
-2388.591698
 20
-1128.343282
  0
POINT
  8
3
 10
-2387.910623
 20
-1113.328584
  0
POINT
  8
3
 10
-2387.230938
 20
-1098.320035
  0
POINT
  8
3
 10
-2386.531171
 20
-1082.838030
  0
POINT
  8
3
 10
-2385.854266
 20
-1067.829354
  0
POINT
  8
3
 10
-2385.172337
 20
-1052.683594
  0
POINT
  8
3
 10
-2384.520721
 20
-1038.194351
  0
POINT
  8
3
 10
-2384.481311
 20
-1037.318614
  0
POINT
  8
3
 10
-2363.389130
 20
-1020.590897
  0
POINT
  8
3
 10
-2348.741967
 20
-1024.396583
  0
POINT
  8
3
 10
-2334.317616
 20
-1028.144344
  0
POINT
  8
3
 10
-2319.142764
 20
-1032.087097
  0
POINT
  8
3
 10
-2304.556443
 20
-1035.876939
  0
POINT
  8
3
 10
-2289.988810
 20
-1039.661933
  0
POINT
  8
3
 10
-2286.995774
 20
-1054.505840
  0
POINT
  8
3
 10
-2287.396698
 20
-1056.868744
  0
POINT
  8
3
 10
-2289.529719
 20
-1069.442260
  0
POINT
  8
3
 10
-2291.957389
 20
-1084.312578
  0
POINT
  8
3
 10
-2294.309037
 20
-1099.195266
  0
POINT
  8
3
 10
-2296.615388
 20
-1114.176832
  0
POINT
  8
3
 10
-2298.848389
 20
-1129.077496
  0
POINT
  8
3
 10
-2301.016915
 20
-1144.013177
  0
POINT
  8
3
 10
-2303.108229
 20
-1158.934461
  0
POINT
  8
3
 10
-2305.125512
 20
-1173.891940
  0
POINT
  8
3
 10
-2307.053199
 20
-1188.835299
  0
POINT
  8
3
 10
-2308.878976
 20
-1203.764802
  0
POINT
  8
3
 10
-2310.606682
 20
-1218.732507
  0
POINT
  8
3
 10
-2312.256077
 20
-1233.783302
  0
POINT
  8
3
 10
-2313.823458
 20
-1248.768752
  0
POINT
  8
3
 10
-2315.313837
 20
-1263.761940
  0
POINT
  8
3
 10
-2316.756059
 20
-1279.091636
  0
POINT
  8
3
 10
-2318.116098
 20
-1294.097240
  0
POINT
  8
3
 10
-2323.134561
 20
-1310.090627
  0
POINT
  8
3
 10
-2337.732375
 20
-1311.827815
  0
POINT
  8
3
 10
-2353.136517
 20
-1313.660958
  0
POINT
  8
3
 10
-2368.710462
 20
-1315.514309
  0
POINT
  8
3
 10
-2376.909180
 20
-1316.490021
  0
POINT
  8
4
 10
-2384.520721
 20
-1038.194351
 30
1.524000
 50
  3.54
  0
TEXT
  8
4
 10
-2384.520721
 20
-1038.194351
 40
0.000000
 50
0.000000
  1
# 88
  0
POINT
  8
4
 10
-2363.389130
 20
-1020.590897
 30
1.524000
 50
267.43
  0
TEXT
  8
4
 10
-2363.389130
 20
-1020.590897
 40
0.000000
 50
0.000000
  1
# 89
  0
POINT
  8
4
 10
-2287.396698
 20
-1056.868744
 30
1.524000
 50
165.44
  0
TEXT
  8
4
 10
-2287.396698
 20
-1056.868744
 40
0.000000
 50
0.000000
  1
# 90
  0
POINT
  8
4
 10
-2376.909180
 20
-1316.490021
 30
1.524000
 50
 87.34
  0
TEXT
  8
4
 10
-2376.909180
 20
-1316.490021
 40
0.000000
 50
0.000000
  1
# 91
  0
POLYLINE
  8
14
  66
1
  70
1
  0
VERTEX
  8
14
  10
-2376.311340
  20
-1303.629608
  0
VERTEX
  8
14
  10
-2375.809468
  20
-1292.832576
  0
VERTEX
  8
14
  10
-2375.107241
  20
-1277.697076
  0
VERTEX
  8
14
  10
-2374.398850
  20
-1262.402012
  0
VERTEX
  8
14
  10
-2373.701314
  20
-1247.316073
  0
VERTEX
  8
14
  10
-2372.938425
  20
-1230.787026
  0
VERTEX
  8
14
  10
-2372.127273
  20
-1213.175597
  0
VERTEX
  8
14
  10
-2371.426776
  20
-1197.932870
  0
VERTEX
  8
14
  10
-2370.714523
  20
-1182.397781
  0
VERTEX
  8
14
  10
-2370.025760
  20
-1167.334918
  0
VERTEX
  8
14
  10
-2369.317870
  20
-1151.812813
  0
VERTEX
  8
14
  10
-2368.624103
  20
-1136.564396
  0
VERTEX
  8
14
  10
-2367.821051
  20
-1118.873979
  0
VERTEX
  8
14
  10
-2367.062701
  20
-1102.132155
  0
VERTEX
  8
14
  10
-2366.362343
  20
-1086.641333
  0
VERTEX
  8
14
  10
-2365.636286
  20
-1070.553329
  0
VERTEX
  8
14
  10
-2364.879315
  20
-1053.748529
  0
VERTEX
  8
14
  10
-2364.123535
  20
-1036.933441
  0
VERTEX
  8
14
  10
-2364.125214
  20
-1036.932983
  0
VERTEX
  8
14
  10
-2364.123535
  20
-1036.933441
  0
VERTEX
  8
14
  10
-2347.877249
  20
-1041.154566
  0
VERTEX
  8
14
  10
-2331.930912
  20
-1045.297778
  0
VERTEX
  8
14
  10
-2317.331081
  20
-1049.091139
  0
VERTEX
  8
14
  10
-2303.198434
  20
-1052.763115
  0
VERTEX
  8
14
  10
-2299.736633
  20
-1053.662567
  0
VERTEX
  8
14
  10
-2299.736633
  20
-1053.662567
  0
VERTEX
  8
14
  10
-2300.142064
  20
-1056.020571
  0
VERTEX
  8
14
  10
-2302.491211
  20
-1070.044308
  0
VERTEX
  8
14
  10
-2304.870333
  20
-1084.693873
  0
VERTEX
  8
14
  10
-2307.402837
  20
-1100.748525
  0
VERTEX
  8
14
  10
-2309.849732
  20
-1116.738029
  0
VERTEX
  8
14
  10
-2312.059128
  20
-1131.625833
  0
VERTEX
  8
14
  10
-2314.322253
  20
-1147.388106
  0
VERTEX
  8
14
  10
-2316.592027
  20
-1163.819252
  0
VERTEX
  8
14
  10
-2318.821357
  20
-1180.713607
  0
VERTEX
  8
14
  10
-2320.963163
  20
-1197.865576
  0
VERTEX
  8
14
  10
-2322.930502
  20
-1214.671101
  0
VERTEX
  8
14
  10
-2324.781548
  20
-1231.476552
  0
VERTEX
  8
14
  10
-2326.447216
  20
-1247.424263
  0
VERTEX
  8
14
  10
-2328.124592
  20
-1264.301131
  0
VERTEX
  8
14
  10
-2329.644889
  20
-1280.369609
  0
VERTEX
  8
14
  10
-2331.240845
  20
-1298.265686
  0
VERTEX
  8
14
  10
-2344.521678
  20
-1299.846162
  0
VERTEX
  8
14
  10
-2360.044142
  20
-1301.693401
  0
VERTEX
  8
14
  10
-2376.311340
  20
-1303.629303
  0
SEQEND
  8
14
  0
POINT
  8
2
 10
-2376.311340
 20
-1303.629608
  0
TEXT
  8
2
 10
-2376.311340
 20
-1303.629608
 40
0.000000
 50
0.000000
  1
# 92
  0
POINT
  8
2
 10
-2364.125214
 20
-1036.932983
  0
TEXT
  8
2
 10
-2364.125214
 20
-1036.932983
 40
0.000000
 50
0.000000
  1
# 93
  0
POINT
  8
2
 10
-2299.736633
 20
-1053.662567
  0
TEXT
  8
2
 10
-2299.736633
 20
-1053.662567
 40
0.000000
 50
0.000000
  1
# 94
  0
POINT
  8
2
 10
-2331.240845
 20
-1298.265686
  0
TEXT
  8
2
 10
-2331.240845
 20
-1298.265686
 40
0.000000
 50
0.000000
  1
# 95
  0
POINT
  8
3
 10
-2375.809468
 20
-1292.832576
  0
POINT
  8
3
 10
-2375.107241
 20
-1277.697076
  0
POINT
  8
3
 10
-2374.398850
 20
-1262.402012
  0
POINT
  8
3
 10
-2373.701314
 20
-1247.316073
  0
POINT
  8
3
 10
-2372.938425
 20
-1230.787026
  0
POINT
  8
3
 10
-2372.127273
 20
-1213.175597
  0
POINT
  8
3
 10
-2371.426776
 20
-1197.932870
  0
POINT
  8
3
 10
-2370.714523
 20
-1182.397781
  0
POINT
  8
3
 10
-2370.025760
 20
-1167.334918
  0
POINT
  8
3
 10
-2369.317870
 20
-1151.812813
  0
POINT
  8
3
 10
-2368.624103
 20
-1136.564396
  0
POINT
  8
3
 10
-2367.821051
 20
-1118.873979
  0
POINT
  8
3
 10
-2367.062701
 20
-1102.132155
  0
POINT
  8
3
 10
-2366.362343
 20
-1086.641333
  0
POINT
  8
3
 10
-2365.636286
 20
-1070.553329
  0
POINT
  8
3
 10
-2364.879315
 20
-1053.748529
  0
POINT
  8
3
 10
-2364.123535
 20
-1036.933441
  0
POINT
  8
3
 10
-2364.123535
 20
-1036.933441
  0
POINT
  8
3
 10
-2347.877249
 20
-1041.154566
  0
POINT
  8
3
 10
-2331.930912
 20
-1045.297778
  0
POINT
  8
3
 10
-2317.331081
 20
-1049.091139
  0
POINT
  8
3
 10
-2303.198434
 20
-1052.763115
  0
POINT
  8
3
 10
-2299.736633
 20
-1053.662567
  0
POINT
  8
3
 10
-2300.142064
 20
-1056.020571
  0
POINT
  8
3
 10
-2302.491211
 20
-1070.044308
  0
POINT
  8
3
 10
-2304.870333
 20
-1084.693873
  0
POINT
  8
3
 10
-2307.402837
 20
-1100.748525
  0
POINT
  8
3
 10
-2309.849732
 20
-1116.738029
  0
POINT
  8
3
 10
-2312.059128
 20
-1131.625833
  0
POINT
  8
3
 10
-2314.322253
 20
-1147.388106
  0
POINT
  8
3
 10
-2316.592027
 20
-1163.819252
  0
POINT
  8
3
 10
-2318.821357
 20
-1180.713607
  0
POINT
  8
3
 10
-2320.963163
 20
-1197.865576
  0
POINT
  8
3
 10
-2322.930502
 20
-1214.671101
  0
POINT
  8
3
 10
-2324.781548
 20
-1231.476552
  0
POINT
  8
3
 10
-2326.447216
 20
-1247.424263
  0
POINT
  8
3
 10
-2328.124592
 20
-1264.301131
  0
POINT
  8
3
 10
-2329.644889
 20
-1280.369609
  0
POINT
  8
3
 10
-2344.521678
 20
-1299.846162
  0
POINT
  8
3
 10
-2360.044142
 20
-1301.693401
  0
POINT
  8
3
 10
-2376.311340
 20
-1303.629303
  0
POINT
  8
4
 10
-2364.123535
 20
-1036.933441
 30
1.524000
 50
345.44
  0
TEXT
  8
4
 10
-2364.123535
 20
-1036.933441
 40
0.000000
 50
0.000000
  1
# 96
  0
POINT
  8
4
 10
-2364.123535
 20
-1036.933441
 30
1.524000
 50
267.43
  0
TEXT
  8
4
 10
-2364.123535
 20
-1036.933441
 40
0.000000
 50
0.000000
  1
# 97
  0
POINT
  8
4
 10
-2299.736633
 20
-1053.662567
 30
1.524000
 50
165.44
  0
TEXT
  8
4
 10
-2299.736633
 20
-1053.662567
 40
0.000000
 50
0.000000
  1
# 98
  0
POINT
  8
4
 10
-2376.311340
 20
-1303.629303
 30
1.524000
 50
 87.34
  0
TEXT
  8
4
 10
-2376.311340
 20
-1303.629303
 40
0.000000
 50
0.000000
  1
# 99
 0
LINE
 8
7
 10
-2363.338165
 20
-1104.987488
 11
-2295.490265
 21
-1105.788193
  0
TEXT
  8
1
 10
-2340.981216
 20
-1168.950272
 40
10.000000
 50
0.000000
  1
Piece Name: noname..30
  0
TEXT
  8
1
 10
-2340.981216
 20
-1153.950272
 40
10.000000
 50
0.000000
  1
Size: 30
  0
TEXT
  8
1
 10
-2340.981216
 20
-1138.950272
 40
10.000000
 50
0.000000
  1
Annotation: 
  0
TEXT
  8
1
 10
-2340.981216
 20
-1123.950272
 40
10.000000
 50
0.000000
  1
Quantity: 2
  0
TEXT
  8
1
 10
-2340.981216
 20
-1108.950272
 40
10.000000
 50
0.000000
  1
Category: 2
0
ENDBLK
0
BLOCK
  8
1
  2
noname..30
 70
0
 10
0.0
 20
0.0
  0
POLYLINE
  8
1
  66
1
  70
1
  0
VERTEX
  8
1
  10
-1729.517975
  20
394.544334
  0
VERTEX
  8
1
  10
-1729.517975
  20
424.435120
  0
VERTEX
  8
1
  10
-1710.925666
  20
424.435120
  0
VERTEX
  8
1
  10
-1692.853483
  20
424.435120
  0
VERTEX
  8
1
  10
-1673.895071
  20
424.435120
  0
VERTEX
  8
1
  10
-1656.464516
  20
424.435120
  0
VERTEX
  8
1
  10
-1637.243387
  20
424.435120
  0
VERTEX
  8
1
  10
-1621.775563
  20
424.435120
  0
VERTEX
  8
1
  10
-1605.501974
  20
424.435120
  0
VERTEX
  8
1
  10
-1588.508954
  20
424.435120
  0
VERTEX
  8
1
  10
-1570.882834
  20
424.435120
  0
VERTEX
  8
1
  10
-1552.709947
  20
424.435120
  0
VERTEX
  8
1
  10
-1534.076643
  20
424.435120
  0
VERTEX
  8
1
  10
-1515.069218
  20
424.435120
  0
VERTEX
  8
1
  10
-1495.774023
  20
424.435120
  0
VERTEX
  8
1
  10
-1476.277390
  20
424.435120
  0
VERTEX
  8
1
  10
-1456.665651
  20
424.435120
  0
VERTEX
  8
1
  10
-1437.026015
  20
424.435120
  0
VERTEX
  8
1
  10
-1417.443056
  20
424.435120
  0
VERTEX
  8
1
  10
-1398.003983
  20
424.435120
  0
VERTEX
  8
1
  10
-1378.795128
  20
424.435120
  0
VERTEX
  8
1
  10
-1359.902822
  20
424.435120
  0
VERTEX
  8
1
  10
-1341.413396
  20
424.435120
  0
VERTEX
  8
1
  10
-1323.413183
  20
424.435120
  0
VERTEX
  8
1
  10
-1305.988513
  20
424.435120
  0
VERTEX
  8
1
  10
-1289.225719
  20
424.435120
  0
VERTEX
  8
1
  10
-1273.211131
  20
424.435120
  0
VERTEX
  8
1
  10
-1258.031111
  20
424.435120
  0
VERTEX
  8
1
  10
-1239.238437
  20
424.435120
  0
VERTEX
  8
1
  10
-1222.287479
  20
424.435120
  0
VERTEX
  8
1
  10
-1207.382901
  20
424.435120
  0
VERTEX
  8
1
  10
-1191.941681
  20
424.435120
  0
VERTEX
  8
1
  10
-1176.993859
  20
424.435120
  0
VERTEX
  8
1
  10
-1170.718079
  20
424.435120
  0
VERTEX
  8
1
  10
-1170.718079
  20
408.868164
  0
VERTEX
  8
1
  10
-1170.718079
  20
394.544334
  0
VERTEX
  8
1
  10
-1189.310378
  20
394.544334
  0
VERTEX
  8
1
  10
-1207.382552
  20
394.544334
  0
VERTEX
  8
1
  10
-1226.340957
  20
394.544334
  0
VERTEX
  8
1
  10
-1243.771504
  20
394.544334
  0
VERTEX
  8
1
  10
-1262.992641
  20
394.544334
  0
VERTEX
  8
1
  10
-1278.460461
  20
394.544334
  0
VERTEX
  8
1
  10
-1294.734045
  20
394.544334
  0
VERTEX
  8
1
  10
-1311.727061
  20
394.544334
  0
VERTEX
  8
1
  10
-1329.353177
  20
394.544334
  0
VERTEX
  8
1
  10
-1347.526060
  20
394.544334
  0
VERTEX
  8
1
  10
-1366.159379
  20
394.544334
  0
VERTEX
  8
1
  10
-1385.166801
  20
394.544334
  0
VERTEX
  8
1
  10
-1404.461994
  20
394.544334
  0
VERTEX
  8
1
  10
-1423.958626
  20
394.544334
  0
VERTEX
  8
1
  10
-1443.570365
  20
394.544334
  0
VERTEX
  8
1
  10
-1463.210306
  20
394.544334
  0
VERTEX
  8
1
  10
-1482.793264
  20
394.544334
  0
VERTEX
  8
1
  10
-1502.232335
  20
394.544334
  0
VERTEX
  8
1
  10
-1521.441189
  20
394.544334
  0
VERTEX
  8
1
  10
-1540.333492
  20
394.544334
  0
VERTEX
  8
1
  10
-1558.822914
  20
394.544334
  0
VERTEX
  8
1
  10
-1576.823122
  20
394.544334
  0
VERTEX
  8
1
  10
-1594.247786
  20
394.544334
  0
VERTEX
  8
1
  10
-1611.010573
  20
394.544334
  0
VERTEX
  8
1
  10
-1627.025152
  20
394.544334
  0
VERTEX
  8
1
  10
-1642.205162
  20
394.544334
  0
VERTEX
  8
1
  10
-1660.997846
  20
394.544334
  0
VERTEX
  8
1
  10
-1677.948783
  20
394.544334
  0
VERTEX
  8
1
  10
-1692.853295
  20
394.544334
  0
VERTEX
  8
1
  10
-1708.294520
  20
394.544334
  0
VERTEX
  8
1
  10
-1723.242262
  20
394.544334
  0
SEQEND
  8
1
  0
POINT
  8
2
 10
-1729.517975
 20
394.544334
  0
TEXT
  8
2
 10
-1729.517975
 20
394.544334
 40
0.000000
 50
0.000000
  1
# 100
  0
POINT
  8
2
 10
-1729.517975
 20
424.435120
  0
TEXT
  8
2
 10
-1729.517975
 20
424.435120
 40
0.000000
 50
0.000000
  1
# 101
  0
POINT
  8
2
 10
-1170.718079
 20
424.435120
  0
TEXT
  8
2
 10
-1170.718079
 20
424.435120
 40
0.000000
 50
0.000000
  1
# 102
  0
POINT
  8
2
 10
-1170.718079
 20
394.544334
  0
TEXT
  8
2
 10
-1170.718079
 20
394.544334
 40
0.000000
 50
0.000000
  1
# 103
  0
POINT
  8
3
 10
-1710.925666
 20
424.435120
  0
POINT
  8
3
 10
-1692.853483
 20
424.435120
  0
POINT
  8
3
 10
-1673.895071
 20
424.435120
  0
POINT
  8
3
 10
-1656.464516
 20
424.435120
  0
POINT
  8
3
 10
-1637.243387
 20
424.435120
  0
POINT
  8
3
 10
-1621.775563
 20
424.435120
  0
POINT
  8
3
 10
-1605.501974
 20
424.435120
  0
POINT
  8
3
 10
-1588.508954
 20
424.435120
  0
POINT
  8
3
 10
-1570.882834
 20
424.435120
  0
POINT
  8
3
 10
-1552.709947
 20
424.435120
  0
POINT
  8
3
 10
-1534.076643
 20
424.435120
  0
POINT
  8
3
 10
-1515.069218
 20
424.435120
  0
POINT
  8
3
 10
-1495.774023
 20
424.435120
  0
POINT
  8
3
 10
-1476.277390
 20
424.435120
  0
POINT
  8
3
 10
-1456.665651
 20
424.435120
  0
POINT
  8
3
 10
-1437.026015
 20
424.435120
  0
POINT
  8
3
 10
-1417.443056
 20
424.435120
  0
POINT
  8
3
 10
-1398.003983
 20
424.435120
  0
POINT
  8
3
 10
-1378.795128
 20
424.435120
  0
POINT
  8
3
 10
-1359.902822
 20
424.435120
  0
POINT
  8
3
 10
-1341.413396
 20
424.435120
  0
POINT
  8
3
 10
-1323.413183
 20
424.435120
  0
POINT
  8
3
 10
-1305.988513
 20
424.435120
  0
POINT
  8
3
 10
-1289.225719
 20
424.435120
  0
POINT
  8
3
 10
-1273.211131
 20
424.435120
  0
POINT
  8
3
 10
-1258.031111
 20
424.435120
  0
POINT
  8
3
 10
-1239.238437
 20
424.435120
  0
POINT
  8
3
 10
-1222.287479
 20
424.435120
  0
POINT
  8
3
 10
-1207.382901
 20
424.435120
  0
POINT
  8
3
 10
-1191.941681
 20
424.435120
  0
POINT
  8
3
 10
-1176.993859
 20
424.435120
  0
POINT
  8
3
 10
-1170.718079
 20
408.868164
  0
POINT
  8
3
 10
-1189.310378
 20
394.544334
  0
POINT
  8
3
 10
-1207.382552
 20
394.544334
  0
POINT
  8
3
 10
-1226.340957
 20
394.544334
  0
POINT
  8
3
 10
-1243.771504
 20
394.544334
  0
POINT
  8
3
 10
-1262.992641
 20
394.544334
  0
POINT
  8
3
 10
-1278.460461
 20
394.544334
  0
POINT
  8
3
 10
-1294.734045
 20
394.544334
  0
POINT
  8
3
 10
-1311.727061
 20
394.544334
  0
POINT
  8
3
 10
-1329.353177
 20
394.544334
  0
POINT
  8
3
 10
-1347.526060
 20
394.544334
  0
POINT
  8
3
 10
-1366.159379
 20
394.544334
  0
POINT
  8
3
 10
-1385.166801
 20
394.544334
  0
POINT
  8
3
 10
-1404.461994
 20
394.544334
  0
POINT
  8
3
 10
-1423.958626
 20
394.544334
  0
POINT
  8
3
 10
-1443.570365
 20
394.544334
  0
POINT
  8
3
 10
-1463.210306
 20
394.544334
  0
POINT
  8
3
 10
-1482.793264
 20
394.544334
  0
POINT
  8
3
 10
-1502.232335
 20
394.544334
  0
POINT
  8
3
 10
-1521.441189
 20
394.544334
  0
POINT
  8
3
 10
-1540.333492
 20
394.544334
  0
POINT
  8
3
 10
-1558.822914
 20
394.544334
  0
POINT
  8
3
 10
-1576.823122
 20
394.544334
  0
POINT
  8
3
 10
-1594.247786
 20
394.544334
  0
POINT
  8
3
 10
-1611.010573
 20
394.544334
  0
POINT
  8
3
 10
-1627.025152
 20
394.544334
  0
POINT
  8
3
 10
-1642.205162
 20
394.544334
  0
POINT
  8
3
 10
-1660.997846
 20
394.544334
  0
POINT
  8
3
 10
-1677.948783
 20
394.544334
  0
POINT
  8
3
 10
-1692.853295
 20
394.544334
  0
POINT
  8
3
 10
-1708.294520
 20
394.544334
  0
POINT
  8
3
 10
-1723.242262
 20
394.544334
  0
POLYLINE
  8
14
  66
1
  70
1
  0
VERTEX
  8
14
  10
-1729.517975
  20
394.544334
  0
VERTEX
  8
14
  10
-1729.517975
  20
424.435120
  0
VERTEX
  8
14
  10
-1710.925666
  20
424.435120
  0
VERTEX
  8
14
  10
-1692.853483
  20
424.435120
  0
VERTEX
  8
14
  10
-1673.895071
  20
424.435120
  0
VERTEX
  8
14
  10
-1656.464516
  20
424.435120
  0
VERTEX
  8
14
  10
-1637.243387
  20
424.435120
  0
VERTEX
  8
14
  10
-1621.775563
  20
424.435120
  0
VERTEX
  8
14
  10
-1605.501974
  20
424.435120
  0
VERTEX
  8
14
  10
-1588.508954
  20
424.435120
  0
VERTEX
  8
14
  10
-1570.882834
  20
424.435120
  0
VERTEX
  8
14
  10
-1552.709947
  20
424.435120
  0
VERTEX
  8
14
  10
-1534.076643
  20
424.435120
  0
VERTEX
  8
14
  10
-1515.069218
  20
424.435120
  0
VERTEX
  8
14
  10
-1495.774023
  20
424.435120
  0
VERTEX
  8
14
  10
-1476.277390
  20
424.435120
  0
VERTEX
  8
14
  10
-1456.665651
  20
424.435120
  0
VERTEX
  8
14
  10
-1437.026015
  20
424.435120
  0
VERTEX
  8
14
  10
-1417.443056
  20
424.435120
  0
VERTEX
  8
14
  10
-1398.003983
  20
424.435120
  0
VERTEX
  8
14
  10
-1378.795128
  20
424.435120
  0
VERTEX
  8
14
  10
-1359.902822
  20
424.435120
  0
VERTEX
  8
14
  10
-1341.413396
  20
424.435120
  0
VERTEX
  8
14
  10
-1323.413183
  20
424.435120
  0
VERTEX
  8
14
  10
-1305.988513
  20
424.435120
  0
VERTEX
  8
14
  10
-1289.225719
  20
424.435120
  0
VERTEX
  8
14
  10
-1273.211131
  20
424.435120
  0
VERTEX
  8
14
  10
-1258.031111
  20
424.435120
  0
VERTEX
  8
14
  10
-1239.238437
  20
424.435120
  0
VERTEX
  8
14
  10
-1222.287479
  20
424.435120
  0
VERTEX
  8
14
  10
-1207.382901
  20
424.435120
  0
VERTEX
  8
14
  10
-1191.941681
  20
424.435120
  0
VERTEX
  8
14
  10
-1176.993859
  20
424.435120
  0
VERTEX
  8
14
  10
-1170.718079
  20
424.435120
  0
VERTEX
  8
14
  10
-1170.718079
  20
408.868164
  0
VERTEX
  8
14
  10
-1170.718079
  20
394.544334
  0
VERTEX
  8
14
  10
-1189.310378
  20
394.544334
  0
VERTEX
  8
14
  10
-1207.382552
  20
394.544334
  0
VERTEX
  8
14
  10
-1226.340957
  20
394.544334
  0
VERTEX
  8
14
  10
-1243.771504
  20
394.544334
  0
VERTEX
  8
14
  10
-1262.992641
  20
394.544334
  0
VERTEX
  8
14
  10
-1278.460461
  20
394.544334
  0
VERTEX
  8
14
  10
-1294.734045
  20
394.544334
  0
VERTEX
  8
14
  10
-1311.727061
  20
394.544334
  0
VERTEX
  8
14
  10
-1329.353177
  20
394.544334
  0
VERTEX
  8
14
  10
-1347.526060
  20
394.544334
  0
VERTEX
  8
14
  10
-1366.159379
  20
394.544334
  0
VERTEX
  8
14
  10
-1385.166801
  20
394.544334
  0
VERTEX
  8
14
  10
-1404.461994
  20
394.544334
  0
VERTEX
  8
14
  10
-1423.958626
  20
394.544334
  0
VERTEX
  8
14
  10
-1443.570365
  20
394.544334
  0
VERTEX
  8
14
  10
-1463.210306
  20
394.544334
  0
VERTEX
  8
14
  10
-1482.793264
  20
394.544334
  0
VERTEX
  8
14
  10
-1502.232335
  20
394.544334
  0
VERTEX
  8
14
  10
-1521.441189
  20
394.544334
  0
VERTEX
  8
14
  10
-1540.333492
  20
394.544334
  0
VERTEX
  8
14
  10
-1558.822914
  20
394.544334
  0
VERTEX
  8
14
  10
-1576.823122
  20
394.544334
  0
VERTEX
  8
14
  10
-1594.247786
  20
394.544334
  0
VERTEX
  8
14
  10
-1611.010573
  20
394.544334
  0
VERTEX
  8
14
  10
-1627.025152
  20
394.544334
  0
VERTEX
  8
14
  10
-1642.205162
  20
394.544334
  0
VERTEX
  8
14
  10
-1660.997846
  20
394.544334
  0
VERTEX
  8
14
  10
-1677.948783
  20
394.544334
  0
VERTEX
  8
14
  10
-1692.853295
  20
394.544334
  0
VERTEX
  8
14
  10
-1708.294520
  20
394.544334
  0
VERTEX
  8
14
  10
-1723.242262
  20
394.544334
  0
SEQEND
  8
14
  0
POINT
  8
2
 10
-1729.517975
 20
394.544334
  0
TEXT
  8
2
 10
-1729.517975
 20
394.544334
 40
0.000000
 50
0.000000
  1
# 104
  0
POINT
  8
2
 10
-1729.517975
 20
424.435120
  0
TEXT
  8
2
 10
-1729.517975
 20
424.435120
 40
0.000000
 50
0.000000
  1
# 105
  0
POINT
  8
2
 10
-1170.718079
 20
424.435120
  0
TEXT
  8
2
 10
-1170.718079
 20
424.435120
 40
0.000000
 50
0.000000
  1
# 106
  0
POINT
  8
2
 10
-1170.718079
 20
394.544334
  0
TEXT
  8
2
 10
-1170.718079
 20
394.544334
 40
0.000000
 50
0.000000
  1
# 107
  0
POINT
  8
3
 10
-1710.925666
 20
424.435120
  0
POINT
  8
3
 10
-1692.853483
 20
424.435120
  0
POINT
  8
3
 10
-1673.895071
 20
424.435120
  0
POINT
  8
3
 10
-1656.464516
 20
424.435120
  0
POINT
  8
3
 10
-1637.243387
 20
424.435120
  0
POINT
  8
3
 10
-1621.775563
 20
424.435120
  0
POINT
  8
3
 10
-1605.501974
 20
424.435120
  0
POINT
  8
3
 10
-1588.508954
 20
424.435120
  0
POINT
  8
3
 10
-1570.882834
 20
424.435120
  0
POINT
  8
3
 10
-1552.709947
 20
424.435120
  0
POINT
  8
3
 10
-1534.076643
 20
424.435120
  0
POINT
  8
3
 10
-1515.069218
 20
424.435120
  0
POINT
  8
3
 10
-1495.774023
 20
424.435120
  0
POINT
  8
3
 10
-1476.277390
 20
424.435120
  0
POINT
  8
3
 10
-1456.665651
 20
424.435120
  0
POINT
  8
3
 10
-1437.026015
 20
424.435120
  0
POINT
  8
3
 10
-1417.443056
 20
424.435120
  0
POINT
  8
3
 10
-1398.003983
 20
424.435120
  0
POINT
  8
3
 10
-1378.795128
 20
424.435120
  0
POINT
  8
3
 10
-1359.902822
 20
424.435120
  0
POINT
  8
3
 10
-1341.413396
 20
424.435120
  0
POINT
  8
3
 10
-1323.413183
 20
424.435120
  0
POINT
  8
3
 10
-1305.988513
 20
424.435120
  0
POINT
  8
3
 10
-1289.225719
 20
424.435120
  0
POINT
  8
3
 10
-1273.211131
 20
424.435120
  0
POINT
  8
3
 10
-1258.031111
 20
424.435120
  0
POINT
  8
3
 10
-1239.238437
 20
424.435120
  0
POINT
  8
3
 10
-1222.287479
 20
424.435120
  0
POINT
  8
3
 10
-1207.382901
 20
424.435120
  0
POINT
  8
3
 10
-1191.941681
 20
424.435120
  0
POINT
  8
3
 10
-1176.993859
 20
424.435120
  0
POINT
  8
3
 10
-1170.718079
 20
408.868164
  0
POINT
  8
3
 10
-1189.310378
 20
394.544334
  0
POINT
  8
3
 10
-1207.382552
 20
394.544334
  0
POINT
  8
3
 10
-1226.340957
 20
394.544334
  0
POINT
  8
3
 10
-1243.771504
 20
394.544334
  0
POINT
  8
3
 10
-1262.992641
 20
394.544334
  0
POINT
  8
3
 10
-1278.460461
 20
394.544334
  0
POINT
  8
3
 10
-1294.734045
 20
394.544334
  0
POINT
  8
3
 10
-1311.727061
 20
394.544334
  0
POINT
  8
3
 10
-1329.353177
 20
394.544334
  0
POINT
  8
3
 10
-1347.526060
 20
394.544334
  0
POINT
  8
3
 10
-1366.159379
 20
394.544334
  0
POINT
  8
3
 10
-1385.166801
 20
394.544334
  0
POINT
  8
3
 10
-1404.461994
 20
394.544334
  0
POINT
  8
3
 10
-1423.958626
 20
394.544334
  0
POINT
  8
3
 10
-1443.570365
 20
394.544334
  0
POINT
  8
3
 10
-1463.210306
 20
394.544334
  0
POINT
  8
3
 10
-1482.793264
 20
394.544334
  0
POINT
  8
3
 10
-1502.232335
 20
394.544334
  0
POINT
  8
3
 10
-1521.441189
 20
394.544334
  0
POINT
  8
3
 10
-1540.333492
 20
394.544334
  0
POINT
  8
3
 10
-1558.822914
 20
394.544334
  0
POINT
  8
3
 10
-1576.823122
 20
394.544334
  0
POINT
  8
3
 10
-1594.247786
 20
394.544334
  0
POINT
  8
3
 10
-1611.010573
 20
394.544334
  0
POINT
  8
3
 10
-1627.025152
 20
394.544334
  0
POINT
  8
3
 10
-1642.205162
 20
394.544334
  0
POINT
  8
3
 10
-1660.997846
 20
394.544334
  0
POINT
  8
3
 10
-1677.948783
 20
394.544334
  0
POINT
  8
3
 10
-1692.853295
 20
394.544334
  0
POINT
  8
3
 10
-1708.294520
 20
394.544334
  0
POINT
  8
3
 10
-1723.242262
 20
394.544334
 0
LINE
 8
7
 10
-1551.534424
 20
411.350021
 11
-1238.583679
 21
411.350021
  0
TEXT
  8
1
 10
-1450.118027
 20
409.489727
 40
10.000000
 50
0.000000
  1
Piece Name: noname..30
  0
TEXT
  8
1
 10
-1450.118027
 20
424.489727
 40
10.000000
 50
0.000000
  1
Size: 30
  0
TEXT
  8
1
 10
-1450.118027
 20
439.489727
 40
10.000000
 50
0.000000
  1
Annotation: 
  0
TEXT
  8
1
 10
-1450.118027
 20
454.489727
 40
10.000000
 50
0.000000
  1
Quantity: 2
  0
TEXT
  8
1
 10
-1450.118027
 20
469.489727
 40
10.000000
 50
0.000000
  1
Category: 3
0
ENDBLK
0
BLOCK
  8
1
  2
noname.腰.30
 70
0
 10
0.0
 20
0.0
  0
POLYLINE
  8
1
  66
1
  70
1
  0
VERTEX
  8
1
  10
-2724.324341
  20
-189.046974
  0
VERTEX
  8
1
  10
-2724.415894
  20
-189.046898
  0
VERTEX
  8
1
  10
-2739.536017
  20
-188.951175
  0
VERTEX
  8
1
  10
-2754.840621
  20
-188.718273
  0
VERTEX
  8
1
  10
-2770.031670
  20
-188.306974
  0
VERTEX
  8
1
  10
-2786.029496
  20
-187.695784
  0
VERTEX
  8
1
  10
-2800.933857
  20
-186.995003
  0
VERTEX
  8
1
  10
-2816.303358
  20
-186.139827
  0
VERTEX
  8
1
  10
-2831.516155
  20
-185.152863
  0
VERTEX
  8
1
  10
-2846.867282
  20
-184.011521
  0
VERTEX
  8
1
  10
-2862.331743
  20
-182.711882
  0
VERTEX
  8
1
  10
-2877.657529
  20
-181.270281
  0
VERTEX
  8
1
  10
-2892.777028
  20
-179.690824
  0
VERTEX
  8
1
  10
-2908.069112
  20
-177.926029
  0
VERTEX
  8
1
  10
-2923.545187
  20
-175.959135
  0
VERTEX
  8
1
  10
-2938.791141
  20
-173.831872
  0
VERTEX
  8
1
  10
-2954.166620
  20
-171.481687
  0
VERTEX
  8
1
  10
-2969.349838
  20
-168.944078
  0
VERTEX
  8
1
  10
-2984.710778
  20
-166.141064
  0
VERTEX
  8
1
  10
-2999.809269
  20
-163.140586
  0
VERTEX
  8
1
  10
-3014.858462
  20
-159.901341
  0
VERTEX
  8
1
  10
-3029.491918
  20
-156.508315
  0
VERTEX
  8
1
  10
-3044.429659
  20
-152.788406
  0
VERTEX
  8
1
  10
-3058.884797
  20
-148.932878
  0
VERTEX
  8
1
  10
-3073.693587
  20
-144.729406
  0
VERTEX
  8
1
  10
-3088.447219
  20
-140.307949
  0
VERTEX
  8
1
  10
-3103.134484
  20
-135.699123
  0
VERTEX
  8
1
  10
-3117.594576
  20
-130.986220
  0
VERTEX
  8
1
  10
-3132.180322
  20
-126.064304
  0
VERTEX
  8
1
  10
-3146.799156
  20
-120.933822
  0
VERTEX
  8
1
  10
-3161.261271
  20
-115.661893
  0
VERTEX
  8
1
  10
-3175.687745
  20
-110.291296
  0
VERTEX
  8
1
  10
-3178.808289
  20
-109.124470
  0
VERTEX
  8
1
  10
-3179.665527
  20
-108.803997
  0
VERTEX
  8
1
  10
-3190.083423
  20
-104.908544
  0
VERTEX
  8
1
  10
-3204.503102
  20
-99.516456
  0
VERTEX
  8
1
  10
-3218.763654
  20
-94.183598
  0
VERTEX
  8
1
  10
-3233.247832
  20
-88.766863
  0
VERTEX
  8
1
  10
-3247.803955
  20
-83.322954
  0
VERTEX
  8
1
  10
-3243.548308
  20
-75.060683
  0
VERTEX
  8
1
  10
-3236.659825
  20
-61.686944
  0
VERTEX
  8
1
  10
-3229.654430
  20
-48.086313
  0
VERTEX
  8
1
  10
-3222.571818
  20
-34.335404
  0
VERTEX
  8
1
  10
-3221.283264
  20
-31.833494
  0
VERTEX
  8
1
  10
-3215.424500
  20
-20.458448
  0
VERTEX
  8
1
  10
-3201.008340
  20
-25.816488
  0
VERTEX
  8
1
  10
-3186.433499
  20
-31.235243
  0
VERTEX
  8
1
  10
-3171.926615
  20
-36.630386
  0
VERTEX
  8
1
  10
-3157.769574
  20
-41.897218
  0
VERTEX
  8
1
  10
-3143.469965
  20
-47.218707
  0
VERTEX
  8
1
  10
-3129.390536
  20
-52.417321
  0
VERTEX
  8
1
  10
-3115.083548
  20
-57.543223
  0
VERTEX
  8
1
  10
-3100.886012
  20
-62.409726
  0
VERTEX
  8
1
  10
-3086.124166
  20
-67.276448
  0
VERTEX
  8
1
  10
-3071.820299
  20
-71.820748
  0
VERTEX
  8
1
  10
-3057.288713
  20
-76.226864
  0
VERTEX
  8
1
  10
-3042.859272
  20
-80.360164
  0
VERTEX
  8
1
  10
-3028.363926
  20
-84.255992
  0
VERTEX
  8
1
  10
-3014.425584
  20
-87.749197
  0
VERTEX
  8
1
  10
-2999.806470
  20
-91.146628
  0
VERTEX
  8
1
  10
-2984.974679
  20
-94.334725
  0
VERTEX
  8
1
  10
-2970.253479
  20
-97.258517
  0
VERTEX
  8
1
  10
-2955.021848
  20
-100.041704
  0
VERTEX
  8
1
  10
-2940.219303
  20
-102.519810
  0
VERTEX
  8
1
  10
-2924.930582
  20
-104.854373
  0
VERTEX
  8
1
  10
-2910.063974
  20
-106.913937
  0
VERTEX
  8
1
  10
-2895.170761
  20
-108.776712
  0
VERTEX
  8
1
  10
-2880.255686
  20
-110.448462
  0
VERTEX
  8
1
  10
-2865.213059
  20
-111.945396
  0
VERTEX
  8
1
  10
-2850.261469
  20
-113.251957
  0
VERTEX
  8
1
  10
-2835.088682
  20
-114.399700
  0
VERTEX
  8
1
  10
-2820.111542
  20
-115.368365
  0
VERTEX
  8
1
  10
-2805.096738
  20
-116.196135
  0
VERTEX
  8
1
  10
-2790.104929
  20
-116.898418
  0
VERTEX
  8
1
  10
-2774.645762
  20
-117.508280
  0
VERTEX
  8
1
  10
-2759.645169
  20
-117.993683
  0
VERTEX
  8
1
  10
-2744.089105
  20
-118.371285
  0
VERTEX
  8
1
  10
-2729.081022
  20
-118.625188
  0
VERTEX
  8
1
  10
-2723.188782
  20
-118.705597
  0
VERTEX
  8
1
  10
-2721.081127
  20
-118.718211
  0
VERTEX
  8
1
  10
-2707.132714
  20
-118.664365
  0
VERTEX
  8
1
  10
-2694.762600
  20
-118.371218
  0
VERTEX
  8
1
  10
-2679.325025
  20
-117.742070
  0
VERTEX
  8
1
  10
-2663.889755
  20
-117.006835
  0
VERTEX
  8
1
  10
-2648.838530
  20
-116.344173
  0
VERTEX
  8
1
  10
-2633.405279
  20
-115.637340
  0
VERTEX
  8
1
  10
-2618.286940
  20
-114.757128
  0
VERTEX
  8
1
  10
-2602.876731
  20
-113.637876
  0
VERTEX
  8
1
  10
-2587.677140
  20
-112.337788
  0
VERTEX
  8
1
  10
-2572.299994
  20
-110.837421
  0
VERTEX
  8
1
  10
-2557.261790
  20
-109.195592
  0
VERTEX
  8
1
  10
-2541.924588
  20
-107.329155
  0
VERTEX
  8
1
  10
-2526.689153
  20
-105.262383
  0
VERTEX
  8
1
  10
-2511.409972
  20
-102.968428
  0
VERTEX
  8
1
  10
-2496.234170
  20
-100.466721
  0
VERTEX
  8
1
  10
-2481.028405
  20
-97.728078
  0
VERTEX
  8
1
  10
-2466.022724
  20
-94.786851
  0
VERTEX
  8
1
  10
-2450.910271
  20
-91.572226
  0
VERTEX
  8
1
  10
-2436.194761
  20
-88.184655
  0
VERTEX
  8
1
  10
-2422.198798
  20
-84.711264
  0
VERTEX
  8
1
  10
-2407.816799
  20
-80.874735
  0
VERTEX
  8
1
  10
-2392.956193
  20
-76.642746
  0
VERTEX
  8
1
  10
-2378.161098
  20
-72.186261
  0
VERTEX
  8
1
  10
-2363.771395
  20
-67.642821
  0
VERTEX
  8
1
  10
-2349.097738
  20
-62.806589
  0
VERTEX
  8
1
  10
-2334.594262
  20
-57.829988
  0
VERTEX
  8
1
  10
-2320.039767
  20
-52.645447
  0
VERTEX
  8
1
  10
-2305.666097
  20
-47.358999
  0
VERTEX
  8
1
  10
-2290.708651
  20
-41.776776
  0
VERTEX
  8
1
  10
-2276.675211
  20
-36.550513
  0
VERTEX
  8
1
  10
-2262.191960
  20
-31.171034
  0
VERTEX
  8
1
  10
-2248.021482
  20
-25.906359
  0
VERTEX
  8
1
  10
-2233.376465
  20
-20.461900
  0
VERTEX
  8
1
  10
-2227.516632
  20
-31.838715
  0
VERTEX
  8
1
  10
-2226.250450
  20
-34.296954
  0
VERTEX
  8
1
  10
-2219.348448
  20
-47.697148
  0
VERTEX
  8
1
  10
-2212.349771
  20
-61.285082
  0
VERTEX
  8
1
  10
-2205.451956
  20
-74.677171
  0
VERTEX
  8
1
  10
-2201.033020
  20
-83.256502
  0
VERTEX
  8
1
  10
-2215.588390
  20
-88.715351
  0
VERTEX
  8
1
  10
-2230.070733
  20
-94.147142
  0
VERTEX
  8
1
  10
-2244.328475
  20
-99.494997
  0
VERTEX
  8
1
  10
-2258.744189
  20
-104.902446
  0
VERTEX
  8
1
  10
-2271.389465
  20
-109.646149
  0
VERTEX
  8
1
  10
-2273.098149
  20
-110.287110
  0
VERTEX
  8
1
  10
-2287.519060
  20
-115.672487
  0
VERTEX
  8
1
  10
-2301.977886
  20
-120.953235
  0
VERTEX
  8
1
  10
-2316.540983
  20
-126.066823
  0
VERTEX
  8
1
  10
-2331.126029
  20
-130.990767
  0
VERTEX
  8
1
  10
-2345.850702
  20
-135.789551
  0
VERTEX
  8
1
  10
-2360.539977
  20
-140.391748
  0
VERTEX
  8
1
  10
-2375.462815
  20
-144.850740
  0
VERTEX
  8
1
  10
-2390.276951
  20
-149.034921
  0
VERTEX
  8
1
  10
-2404.605254
  20
-152.830437
  0
VERTEX
  8
1
  10
-2419.548599
  20
-156.527873
  0
VERTEX
  8
1
  10
-2434.540559
  20
-159.984658
  0
VERTEX
  8
1
  10
-2449.591410
  20
-163.215621
  0
VERTEX
  8
1
  10
-2464.654651
  20
-166.224011
  0
VERTEX
  8
1
  10
-2479.789936
  20
-169.032276
  0
VERTEX
  8
1
  10
-2494.593679
  20
-171.579377
  0
VERTEX
  8
1
  10
-2509.796340
  20
-173.996560
  0
VERTEX
  8
1
  10
-2524.959118
  20
-176.211387
  0
VERTEX
  8
1
  10
-2540.217522
  20
-178.246662
  0
VERTEX
  8
1
  10
-2555.499683
  20
-180.094998
  0
VERTEX
  8
1
  10
-2570.727062
  20
-181.751880
  0
VERTEX
  8
1
  10
-2586.048790
  20
-183.236984
  0
VERTEX
  8
1
  10
-2601.302315
  20
-184.538038
  0
VERTEX
  8
1
  10
-2616.654033
  20
-185.672400
  0
VERTEX
  8
1
  10
-2631.919923
  20
-186.629695
  0
VERTEX
  8
1
  10
-2647.292856
  20
-187.425463
  0
VERTEX
  8
1
  10
-2662.555668
  20
-188.052749
  0
VERTEX
  8
1
  10
-2677.942082
  20
-188.523907
  0
VERTEX
  8
1
  10
-2693.184465
  20
-188.831131
  0
VERTEX
  8
1
  10
-2708.568647
  20
-188.993210
  0
VERTEX
  8
1
  10
-2723.287076
  20
-189.047444
  0
VERTEX
  8
1
  10
-2724.403992
  20
-189.047222
  0
SEQEND
  8
1
  0
POINT
  8
2
 10
-2724.324341
 20
-189.046974
  0
TEXT
  8
2
 10
-2724.324341
 20
-189.046974
 40
0.000000
 50
0.000000
  1
# 108
  0
POINT
  8
2
 10
-3247.803955
 20
-83.322954
  0
TEXT
  8
2
 10
-3247.803955
 20
-83.322954
 40
0.000000
 50
0.000000
  1
# 109
  0
POINT
  8
2
 10
-3215.424500
 20
-20.458448
  0
TEXT
  8
2
 10
-3215.424500
 20
-20.458448
 40
0.000000
 50
0.000000
  1
# 110
  0
POINT
  8
2
 10
-2723.188782
 20
-118.705597
  0
TEXT
  8
2
 10
-2723.188782
 20
-118.705597
 40
0.000000
 50
0.000000
  1
# 111
  0
POINT
  8
2
 10
-2233.376465
 20
-20.461900
  0
TEXT
  8
2
 10
-2233.376465
 20
-20.461900
 40
0.000000
 50
0.000000
  1
# 112
  0
POINT
  8
2
 10
-2201.033020
 20
-83.256502
  0
TEXT
  8
2
 10
-2201.033020
 20
-83.256502
 40
0.000000
 50
0.000000
  1
# 113
  0
POINT
  8
3
 10
-2724.415894
 20
-189.046898
  0
POINT
  8
3
 10
-2739.536017
 20
-188.951175
  0
POINT
  8
3
 10
-2754.840621
 20
-188.718273
  0
POINT
  8
3
 10
-2770.031670
 20
-188.306974
  0
POINT
  8
3
 10
-2786.029496
 20
-187.695784
  0
POINT
  8
3
 10
-2800.933857
 20
-186.995003
  0
POINT
  8
3
 10
-2816.303358
 20
-186.139827
  0
POINT
  8
3
 10
-2831.516155
 20
-185.152863
  0
POINT
  8
3
 10
-2846.867282
 20
-184.011521
  0
POINT
  8
3
 10
-2862.331743
 20
-182.711882
  0
POINT
  8
3
 10
-2877.657529
 20
-181.270281
  0
POINT
  8
3
 10
-2892.777028
 20
-179.690824
  0
POINT
  8
3
 10
-2908.069112
 20
-177.926029
  0
POINT
  8
3
 10
-2923.545187
 20
-175.959135
  0
POINT
  8
3
 10
-2938.791141
 20
-173.831872
  0
POINT
  8
3
 10
-2954.166620
 20
-171.481687
  0
POINT
  8
3
 10
-2969.349838
 20
-168.944078
  0
POINT
  8
3
 10
-2984.710778
 20
-166.141064
  0
POINT
  8
3
 10
-2999.809269
 20
-163.140586
  0
POINT
  8
3
 10
-3014.858462
 20
-159.901341
  0
POINT
  8
3
 10
-3029.491918
 20
-156.508315
  0
POINT
  8
3
 10
-3044.429659
 20
-152.788406
  0
POINT
  8
3
 10
-3058.884797
 20
-148.932878
  0
POINT
  8
3
 10
-3073.693587
 20
-144.729406
  0
POINT
  8
3
 10
-3088.447219
 20
-140.307949
  0
POINT
  8
3
 10
-3103.134484
 20
-135.699123
  0
POINT
  8
3
 10
-3117.594576
 20
-130.986220
  0
POINT
  8
3
 10
-3132.180322
 20
-126.064304
  0
POINT
  8
3
 10
-3146.799156
 20
-120.933822
  0
POINT
  8
3
 10
-3161.261271
 20
-115.661893
  0
POINT
  8
3
 10
-3175.687745
 20
-110.291296
  0
POINT
  8
3
 10
-3178.808289
 20
-109.124470
  0
POINT
  8
3
 10
-3179.665527
 20
-108.803997
  0
POINT
  8
3
 10
-3190.083423
 20
-104.908544
  0
POINT
  8
3
 10
-3204.503102
 20
-99.516456
  0
POINT
  8
3
 10
-3218.763654
 20
-94.183598
  0
POINT
  8
3
 10
-3233.247832
 20
-88.766863
  0
POINT
  8
3
 10
-3243.548308
 20
-75.060683
  0
POINT
  8
3
 10
-3236.659825
 20
-61.686944
  0
POINT
  8
3
 10
-3229.654430
 20
-48.086313
  0
POINT
  8
3
 10
-3222.571818
 20
-34.335404
  0
POINT
  8
3
 10
-3221.283264
 20
-31.833494
  0
POINT
  8
3
 10
-3201.008340
 20
-25.816488
  0
POINT
  8
3
 10
-3186.433499
 20
-31.235243
  0
POINT
  8
3
 10
-3171.926615
 20
-36.630386
  0
POINT
  8
3
 10
-3157.769574
 20
-41.897218
  0
POINT
  8
3
 10
-3143.469965
 20
-47.218707
  0
POINT
  8
3
 10
-3129.390536
 20
-52.417321
  0
POINT
  8
3
 10
-3115.083548
 20
-57.543223
  0
POINT
  8
3
 10
-3100.886012
 20
-62.409726
  0
POINT
  8
3
 10
-3086.124166
 20
-67.276448
  0
POINT
  8
3
 10
-3071.820299
 20
-71.820748
  0
POINT
  8
3
 10
-3057.288713
 20
-76.226864
  0
POINT
  8
3
 10
-3042.859272
 20
-80.360164
  0
POINT
  8
3
 10
-3028.363926
 20
-84.255992
  0
POINT
  8
3
 10
-3014.425584
 20
-87.749197
  0
POINT
  8
3
 10
-2999.806470
 20
-91.146628
  0
POINT
  8
3
 10
-2984.974679
 20
-94.334725
  0
POINT
  8
3
 10
-2970.253479
 20
-97.258517
  0
POINT
  8
3
 10
-2955.021848
 20
-100.041704
  0
POINT
  8
3
 10
-2940.219303
 20
-102.519810
  0
POINT
  8
3
 10
-2924.930582
 20
-104.854373
  0
POINT
  8
3
 10
-2910.063974
 20
-106.913937
  0
POINT
  8
3
 10
-2895.170761
 20
-108.776712
  0
POINT
  8
3
 10
-2880.255686
 20
-110.448462
  0
POINT
  8
3
 10
-2865.213059
 20
-111.945396
  0
POINT
  8
3
 10
-2850.261469
 20
-113.251957
  0
POINT
  8
3
 10
-2835.088682
 20
-114.399700
  0
POINT
  8
3
 10
-2820.111542
 20
-115.368365
  0
POINT
  8
3
 10
-2805.096738
 20
-116.196135
  0
POINT
  8
3
 10
-2790.104929
 20
-116.898418
  0
POINT
  8
3
 10
-2774.645762
 20
-117.508280
  0
POINT
  8
3
 10
-2759.645169
 20
-117.993683
  0
POINT
  8
3
 10
-2744.089105
 20
-118.371285
  0
POINT
  8
3
 10
-2729.081022
 20
-118.625188
  0
POINT
  8
3
 10
-2721.081127
 20
-118.718211
  0
POINT
  8
3
 10
-2707.132714
 20
-118.664365
  0
POINT
  8
3
 10
-2694.762600
 20
-118.371218
  0
POINT
  8
3
 10
-2679.325025
 20
-117.742070
  0
POINT
  8
3
 10
-2663.889755
 20
-117.006835
  0
POINT
  8
3
 10
-2648.838530
 20
-116.344173
  0
POINT
  8
3
 10
-2633.405279
 20
-115.637340
  0
POINT
  8
3
 10
-2618.286940
 20
-114.757128
  0
POINT
  8
3
 10
-2602.876731
 20
-113.637876
  0
POINT
  8
3
 10
-2587.677140
 20
-112.337788
  0
POINT
  8
3
 10
-2572.299994
 20
-110.837421
  0
POINT
  8
3
 10
-2557.261790
 20
-109.195592
  0
POINT
  8
3
 10
-2541.924588
 20
-107.329155
  0
POINT
  8
3
 10
-2526.689153
 20
-105.262383
  0
POINT
  8
3
 10
-2511.409972
 20
-102.968428
  0
POINT
  8
3
 10
-2496.234170
 20
-100.466721
  0
POINT
  8
3
 10
-2481.028405
 20
-97.728078
  0
POINT
  8
3
 10
-2466.022724
 20
-94.786851
  0
POINT
  8
3
 10
-2450.910271
 20
-91.572226
  0
POINT
  8
3
 10
-2436.194761
 20
-88.184655
  0
POINT
  8
3
 10
-2422.198798
 20
-84.711264
  0
POINT
  8
3
 10
-2407.816799
 20
-80.874735
  0
POINT
  8
3
 10
-2392.956193
 20
-76.642746
  0
POINT
  8
3
 10
-2378.161098
 20
-72.186261
  0
POINT
  8
3
 10
-2363.771395
 20
-67.642821
  0
POINT
  8
3
 10
-2349.097738
 20
-62.806589
  0
POINT
  8
3
 10
-2334.594262
 20
-57.829988
  0
POINT
  8
3
 10
-2320.039767
 20
-52.645447
  0
POINT
  8
3
 10
-2305.666097
 20
-47.358999
  0
POINT
  8
3
 10
-2290.708651
 20
-41.776776
  0
POINT
  8
3
 10
-2276.675211
 20
-36.550513
  0
POINT
  8
3
 10
-2262.191960
 20
-31.171034
  0
POINT
  8
3
 10
-2248.021482
 20
-25.906359
  0
POINT
  8
3
 10
-2227.516632
 20
-31.838715
  0
POINT
  8
3
 10
-2226.250450
 20
-34.296954
  0
POINT
  8
3
 10
-2219.348448
 20
-47.697148
  0
POINT
  8
3
 10
-2212.349771
 20
-61.285082
  0
POINT
  8
3
 10
-2205.451956
 20
-74.677171
  0
POINT
  8
3
 10
-2215.588390
 20
-88.715351
  0
POINT
  8
3
 10
-2230.070733
 20
-94.147142
  0
POINT
  8
3
 10
-2244.328475
 20
-99.494997
  0
POINT
  8
3
 10
-2258.744189
 20
-104.902446
  0
POINT
  8
3
 10
-2271.389465
 20
-109.646149
  0
POINT
  8
3
 10
-2273.098149
 20
-110.287110
  0
POINT
  8
3
 10
-2287.519060
 20
-115.672487
  0
POINT
  8
3
 10
-2301.977886
 20
-120.953235
  0
POINT
  8
3
 10
-2316.540983
 20
-126.066823
  0
POINT
  8
3
 10
-2331.126029
 20
-130.990767
  0
POINT
  8
3
 10
-2345.850702
 20
-135.789551
  0
POINT
  8
3
 10
-2360.539977
 20
-140.391748
  0
POINT
  8
3
 10
-2375.462815
 20
-144.850740
  0
POINT
  8
3
 10
-2390.276951
 20
-149.034921
  0
POINT
  8
3
 10
-2404.605254
 20
-152.830437
  0
POINT
  8
3
 10
-2419.548599
 20
-156.527873
  0
POINT
  8
3
 10
-2434.540559
 20
-159.984658
  0
POINT
  8
3
 10
-2449.591410
 20
-163.215621
  0
POINT
  8
3
 10
-2464.654651
 20
-166.224011
  0
POINT
  8
3
 10
-2479.789936
 20
-169.032276
  0
POINT
  8
3
 10
-2494.593679
 20
-171.579377
  0
POINT
  8
3
 10
-2509.796340
 20
-173.996560
  0
POINT
  8
3
 10
-2524.959118
 20
-176.211387
  0
POINT
  8
3
 10
-2540.217522
 20
-178.246662
  0
POINT
  8
3
 10
-2555.499683
 20
-180.094998
  0
POINT
  8
3
 10
-2570.727062
 20
-181.751880
  0
POINT
  8
3
 10
-2586.048790
 20
-183.236984
  0
POINT
  8
3
 10
-2601.302315
 20
-184.538038
  0
POINT
  8
3
 10
-2616.654033
 20
-185.672400
  0
POINT
  8
3
 10
-2631.919923
 20
-186.629695
  0
POINT
  8
3
 10
-2647.292856
 20
-187.425463
  0
POINT
  8
3
 10
-2662.555668
 20
-188.052749
  0
POINT
  8
3
 10
-2677.942082
 20
-188.523907
  0
POINT
  8
3
 10
-2693.184465
 20
-188.831131
  0
POINT
  8
3
 10
-2708.568647
 20
-188.993210
  0
POINT
  8
3
 10
-2723.287076
 20
-189.047444
  0
POINT
  8
3
 10
-2724.403992
 20
-189.047222
  0
POINT
  8
4
 10
-2724.415894
 20
-189.046898
 30
1.524000
 50
 89.94
  0
TEXT
  8
4
 10
-2724.415894
 20
-189.046898
 40
0.000000
 50
0.000000
  1
# 114
  0
POINT
  8
4
 10
-3178.808289
 20
-109.124470
 30
1.524000
 50
 62.75
  0
TEXT
  8
4
 10
-3178.808289
 20
-109.124470
 40
0.000000
 50
0.000000
  1
# 115
  0
POINT
  8
4
 10
-3179.665527
 20
-108.803997
 30
1.524000
 50
 58.80
  0
TEXT
  8
4
 10
-3179.665527
 20
-108.803997
 40
0.000000
 50
0.000000
  1
# 116
  0
POINT
  8
4
 10
-3221.283264
 20
-31.833494
 30
1.524000
 50
339.60
  0
TEXT
  8
4
 10
-3221.283264
 20
-31.833494
 40
0.000000
 50
0.000000
  1
# 117
  0
POINT
  8
4
 10
-2227.516632
 20
-31.838715
 30
1.524000
 50
200.39
  0
TEXT
  8
4
 10
-2227.516632
 20
-31.838715
 40
0.000000
 50
0.000000
  1
# 118
  0
POINT
  8
4
 10
-2271.389465
 20
-109.646149
 30
1.524000
 50
110.56
  0
TEXT
  8
4
 10
-2271.389465
 20
-109.646149
 40
0.000000
 50
0.000000
  1
# 119
  0
POINT
  8
4
 10
-2724.403992
 20
-189.047222
 30
1.524000
 50
 89.99
  0
TEXT
  8
4
 10
-2724.403992
 20
-189.047222
 40
0.000000
 50
0.000000
  1
# 120
  0
POLYLINE
  8
14
  66
1
  70
1
  0
VERTEX
  8
14
  10
-2724.401550
  20
-176.347218
  0
VERTEX
  8
14
  10
-2724.401550
  20
-176.347218
  0
VERTEX
  8
14
  10
-2725.688006
  20
-176.355054
  0
VERTEX
  8
14
  10
-2740.082010
  20
-176.279535
  0
VERTEX
  8
14
  10
-2755.160343
  20
-176.008779
  0
VERTEX
  8
14
  10
-2770.279210
  20
-175.581501
  0
VERTEX
  8
14
  10
-2785.491974
  20
-175.007163
  0
VERTEX
  8
14
  10
-2802.355275
  20
-174.207239
  0
VERTEX
  8
14
  10
-2817.977812
  20
-173.314194
  0
VERTEX
  8
14
  10
-2834.551230
  20
-172.205290
  0
VERTEX
  8
14
  10
-2851.954682
  20
-170.857397
  0
VERTEX
  8
14
  10
-2867.004517
  20
-169.534898
  0
VERTEX
  8
14
  10
-2882.476942
  20
-168.016985
  0
VERTEX
  8
14
  10
-2898.302112
  20
-166.290263
  0
VERTEX
  8
14
  10
-2914.410041
  20
-164.341354
  0
VERTEX
  8
14
  10
-2930.730889
  20
-162.156862
  0
VERTEX
  8
14
  10
-2947.194684
  20
-159.723407
  0
VERTEX
  8
14
  10
-2963.731532
  20
-157.027599
  0
VERTEX
  8
14
  10
-2981.521317
  20
-153.819955
  0
VERTEX
  8
14
  10
-2998.017235
  20
-150.541771
  0
VERTEX
  8
14
  10
-3014.458418
  20
-146.974013
  0
VERTEX
  8
14
  10
-3030.834074
  20
-143.112750
  0
VERTEX
  8
14
  10
-3047.133414
  20
-138.954052
  0
VERTEX
  8
14
  10
-3063.508145
  20
-134.449977
  0
VERTEX
  8
14
  10
-3079.469262
  20
-129.765936
  0
VERTEX
  8
14
  10
-3094.949447
  20
-124.979533
  0
VERTEX
  8
14
  10
-3109.706859
  20
-120.215304
  0
VERTEX
  8
14
  10
-3126.121180
  20
-114.702849
  0
VERTEX
  8
14
  10
-3140.728559
  20
-109.616858
  0
VERTEX
  8
14
  10
-3156.671970
  20
-103.870873
  0
VERTEX
  8
14
  10
-3172.952271
  20
-97.755394
  0
VERTEX
  8
14
  10
-3172.952271
  20
-97.755394
  0
VERTEX
  8
14
  10
-3172.952271
  20
-97.755394
  0
VERTEX
  8
14
  10
-3166.420104
  20
-85.073547
  0
VERTEX
  8
14
  10
-3159.461689
  20
-71.563889
  0
VERTEX
  8
14
  10
-3152.224121
  20
-57.511959
  0
VERTEX
  8
14
  10
-3152.224121
  20
-57.511959
  0
VERTEX
  8
14
  10
-3137.509318
  20
-62.983418
  0
VERTEX
  8
14
  10
-3123.133752
  20
-68.171350
  0
VERTEX
  8
14
  10
-3108.692251
  20
-73.176007
  0
VERTEX
  8
14
  10
-3094.467398
  20
-77.916011
  0
VERTEX
  8
14
  10
-3079.222422
  20
-82.813097
  0
VERTEX
  8
14
  10
-3064.804855
  20
-87.241823
  0
VERTEX
  8
14
  10
-3050.128217
  20
-91.512806
  0
VERTEX
  8
14
  10
-3035.384103
  20
-95.545469
  0
VERTEX
  8
14
  10
-3021.391541
  20
-99.121678
  0
VERTEX
  8
14
  10
-3007.229208
  20
-102.487878
  0
VERTEX
  8
14
  10
-2992.124627
  20
-105.814187
  0
VERTEX
  8
14
  10
-2977.147067
  20
-108.862241
  0
VERTEX
  8
14
  10
-2961.812723
  20
-111.736277
  0
VERTEX
  8
14
  10
-2946.749252
  20
-114.326202
  0
VERTEX
  8
14
  10
-2931.379722
  20
-116.740129
  0
VERTEX
  8
14
  10
-2916.248564
  20
-118.899904
  0
VERTEX
  8
14
  10
-2901.299536
  20
-120.829999
  0
VERTEX
  8
14
  10
-2886.116990
  20
-122.590582
  0
VERTEX
  8
14
  10
-2871.038109
  20
-124.148146
  0
VERTEX
  8
14
  10
-2855.816251
  20
-125.534432
  0
VERTEX
  8
14
  10
-2840.621700
  20
-126.735947
  0
VERTEX
  8
14
  10
-2825.437036
  20
-127.765079
  0
VERTEX
  8
14
  10
-2809.806405
  20
-128.668668
  0
VERTEX
  8
14
  10
-2794.712092
  20
-129.409390
  0
VERTEX
  8
14
  10
-2779.158676
  20
-130.050492
  0
VERTEX
  8
14
  10
-2763.760282
  20
-130.571842
  0
VERTEX
  8
14
  10
-2748.408019
  20
-130.983231
  0
VERTEX
  8
14
  10
-2733.345306
  20
-131.277403
  0
VERTEX
  8
14
  10
-2724.755554
  20
-131.390610
  0
VERTEX
  8
14
  10
-2722.806259
  20
-131.408951
  0
VERTEX
  8
14
  10
-2708.567748
  20
-131.389498
  0
VERTEX
  8
14
  10
-2696.079649
  20
-131.155089
  0
VERTEX
  8
14
  10
-2682.286404
  20
-130.605429
  0
VERTEX
  8
14
  10
-2667.141040
  20
-129.851008
  0
VERTEX
  8
14
  10
-2652.148844
  20
-129.195744
  0
VERTEX
  8
14
  10
-2637.000753
  20
-128.540537
  0
VERTEX
  8
14
  10
-2621.886134
  20
-127.712780
  0
VERTEX
  8
14
  10
-2606.757711
  20
-126.674239
  0
VERTEX
  8
14
  10
-2591.642945
  20
-125.441601
  0
VERTEX
  8
14
  10
-2576.543881
  20
-124.030396
  0
VERTEX
  8
14
  10
-2561.345669
  20
-122.439035
  0
VERTEX
  8
14
  10
-2546.285535
  20
-120.679834
  0
VERTEX
  8
14
  10
-2531.218141
  20
-118.718784
  0
VERTEX
  8
14
  10
-2516.209759
  20
-116.557897
  0
VERTEX
  8
14
  10
-2500.887151
  20
-114.133475
  0
VERTEX
  8
14
  10
-2485.946177
  20
-111.548381
  0
VERTEX
  8
14
  10
-2470.658904
  20
-108.667005
  0
VERTEX
  8
14
  10
-2455.254075
  20
-105.511664
  0
VERTEX
  8
14
  10
-2440.745477
  20
-102.297850
  0
VERTEX
  8
14
  10
-2426.543028
  20
-98.907151
  0
VERTEX
  8
14
  10
-2412.479992
  20
-95.296763
  0
VERTEX
  8
14
  10
-2397.857044
  20
-91.281599
  0
VERTEX
  8
14
  10
-2383.261341
  20
-87.021027
  0
VERTEX
  8
14
  10
-2368.770118
  20
-82.558041
  0
VERTEX
  8
14
  10
-2354.335183
  20
-77.916012
  0
VERTEX
  8
14
  10
-2339.995085
  20
-73.136927
  0
VERTEX
  8
14
  10
-2325.668611
  20
-68.171349
  0
VERTEX
  8
14
  10
-2311.557881
  20
-63.080494
  0
VERTEX
  8
14
  10
-2296.524200
  20
-57.617245
  0
VERTEX
  8
14
  10
-2296.578369
  20
-57.511978
  0
VERTEX
  8
14
  10
-2289.060474
  20
-72.108037
  0
VERTEX
  8
14
  10
-2281.941384
  20
-85.929720
  0
VERTEX
  8
14
  10
-2275.850372
  20
-97.755394
  0
VERTEX
  8
14
  10
-2275.850372
  20
-97.755394
  0
VERTEX
  8
14
  10
-2291.095091
  20
-103.505170
  0
VERTEX
  8
14
  10
-2306.850005
  20
-109.208419
  0
VERTEX
  8
14
  10
-2321.807918
  20
-114.434833
  0
VERTEX
  8
14
  10
-2336.958132
  20
-119.543436
  0
VERTEX
  8
14
  10
-2351.484089
  20
-124.259318
  0
VERTEX
  8
14
  10
-2366.759815
  20
-129.011650
  0
VERTEX
  8
14
  10
-2382.548133
  20
-133.677387
  0
VERTEX
  8
14
  10
-2397.187313
  20
-137.751329
  0
VERTEX
  8
14
  10
-2413.349629
  20
-141.941538
  0
VERTEX
  8
14
  10
-2429.590899
  20
-145.840820
  0
VERTEX
  8
14
  10
-2445.902242
  20
-149.462929
  0
VERTEX
  8
14
  10
-2462.274835
  20
-152.821636
  0
VERTEX
  8
14
  10
-2477.197969
  20
-155.656777
  0
VERTEX
  8
14
  10
-2493.664107
  20
-158.548640
  0
VERTEX
  8
14
  10
-2510.171440
  20
-161.206206
  0
VERTEX
  8
14
  10
-2526.716094
  20
-163.633512
  0
VERTEX
  8
14
  10
-2543.294324
  20
-165.834614
  0
VERTEX
  8
14
  10
-2559.902273
  20
-167.813553
  0
VERTEX
  8
14
  10
-2576.536082
  20
-169.574369
  0
VERTEX
  8
14
  10
-2593.192009
  20
-171.121116
  0
VERTEX
  8
14
  10
-2609.866196
  20
-172.457835
  0
VERTEX
  8
14
  10
-2626.554785
  20
-173.588569
  0
VERTEX
  8
14
  10
-2643.254033
  20
-174.517368
  0
VERTEX
  8
14
  10
-2659.960044
  20
-175.248273
  0
VERTEX
  8
14
  10
-2676.669074
  20
-175.785333
  0
VERTEX
  8
14
  10
-2693.377267
  20
-176.132592
  0
VERTEX
  8
14
  10
-2709.077469
  20
-176.296685
  0
VERTEX
  8
14
  10
-2723.020072
  20
-176.347090
  0
VERTEX
  8
14
  10
-2724.401550
  20
-176.347218
  0
SEQEND
  8
14
  0
POINT
  8
2
 10
-2724.401550
 20
-176.347218
  0
TEXT
  8
2
 10
-2724.401550
 20
-176.347218
 40
0.000000
 50
0.000000
  1
# 121
  0
POINT
  8
2
 10
-3172.952271
 20
-97.755394
  0
TEXT
  8
2
 10
-3172.952271
 20
-97.755394
 40
0.000000
 50
0.000000
  1
# 122
  0
POINT
  8
2
 10
-3152.224121
 20
-57.511959
  0
TEXT
  8
2
 10
-3152.224121
 20
-57.511959
 40
0.000000
 50
0.000000
  1
# 123
  0
POINT
  8
2
 10
-2724.755554
 20
-131.390610
  0
TEXT
  8
2
 10
-2724.755554
 20
-131.390610
 40
0.000000
 50
0.000000
  1
# 124
  0
POINT
  8
2
 10
-2296.524200
 20
-57.617245
  0
TEXT
  8
2
 10
-2296.524200
 20
-57.617245
 40
0.000000
 50
0.000000
  1
# 125
  0
POINT
  8
2
 10
-2275.850372
 20
-97.755394
  0
TEXT
  8
2
 10
-2275.850372
 20
-97.755394
 40
0.000000
 50
0.000000
  1
# 126
  0
POINT
  8
3
 10
-2724.401550
 20
-176.347218
  0
POINT
  8
3
 10
-2725.688006
 20
-176.355054
  0
POINT
  8
3
 10
-2740.082010
 20
-176.279535
  0
POINT
  8
3
 10
-2755.160343
 20
-176.008779
  0
POINT
  8
3
 10
-2770.279210
 20
-175.581501
  0
POINT
  8
3
 10
-2785.491974
 20
-175.007163
  0
POINT
  8
3
 10
-2802.355275
 20
-174.207239
  0
POINT
  8
3
 10
-2817.977812
 20
-173.314194
  0
POINT
  8
3
 10
-2834.551230
 20
-172.205290
  0
POINT
  8
3
 10
-2851.954682
 20
-170.857397
  0
POINT
  8
3
 10
-2867.004517
 20
-169.534898
  0
POINT
  8
3
 10
-2882.476942
 20
-168.016985
  0
POINT
  8
3
 10
-2898.302112
 20
-166.290263
  0
POINT
  8
3
 10
-2914.410041
 20
-164.341354
  0
POINT
  8
3
 10
-2930.730889
 20
-162.156862
  0
POINT
  8
3
 10
-2947.194684
 20
-159.723407
  0
POINT
  8
3
 10
-2963.731532
 20
-157.027599
  0
POINT
  8
3
 10
-2981.521317
 20
-153.819955
  0
POINT
  8
3
 10
-2998.017235
 20
-150.541771
  0
POINT
  8
3
 10
-3014.458418
 20
-146.974013
  0
POINT
  8
3
 10
-3030.834074
 20
-143.112750
  0
POINT
  8
3
 10
-3047.133414
 20
-138.954052
  0
POINT
  8
3
 10
-3063.508145
 20
-134.449977
  0
POINT
  8
3
 10
-3079.469262
 20
-129.765936
  0
POINT
  8
3
 10
-3094.949447
 20
-124.979533
  0
POINT
  8
3
 10
-3109.706859
 20
-120.215304
  0
POINT
  8
3
 10
-3126.121180
 20
-114.702849
  0
POINT
  8
3
 10
-3140.728559
 20
-109.616858
  0
POINT
  8
3
 10
-3156.671970
 20
-103.870873
  0
POINT
  8
3
 10
-3172.952271
 20
-97.755394
  0
POINT
  8
3
 10
-3172.952271
 20
-97.755394
  0
POINT
  8
3
 10
-3166.420104
 20
-85.073547
  0
POINT
  8
3
 10
-3159.461689
 20
-71.563889
  0
POINT
  8
3
 10
-3152.224121
 20
-57.511959
  0
POINT
  8
3
 10
-3137.509318
 20
-62.983418
  0
POINT
  8
3
 10
-3123.133752
 20
-68.171350
  0
POINT
  8
3
 10
-3108.692251
 20
-73.176007
  0
POINT
  8
3
 10
-3094.467398
 20
-77.916011
  0
POINT
  8
3
 10
-3079.222422
 20
-82.813097
  0
POINT
  8
3
 10
-3064.804855
 20
-87.241823
  0
POINT
  8
3
 10
-3050.128217
 20
-91.512806
  0
POINT
  8
3
 10
-3035.384103
 20
-95.545469
  0
POINT
  8
3
 10
-3021.391541
 20
-99.121678
  0
POINT
  8
3
 10
-3007.229208
 20
-102.487878
  0
POINT
  8
3
 10
-2992.124627
 20
-105.814187
  0
POINT
  8
3
 10
-2977.147067
 20
-108.862241
  0
POINT
  8
3
 10
-2961.812723
 20
-111.736277
  0
POINT
  8
3
 10
-2946.749252
 20
-114.326202
  0
POINT
  8
3
 10
-2931.379722
 20
-116.740129
  0
POINT
  8
3
 10
-2916.248564
 20
-118.899904
  0
POINT
  8
3
 10
-2901.299536
 20
-120.829999
  0
POINT
  8
3
 10
-2886.116990
 20
-122.590582
  0
POINT
  8
3
 10
-2871.038109
 20
-124.148146
  0
POINT
  8
3
 10
-2855.816251
 20
-125.534432
  0
POINT
  8
3
 10
-2840.621700
 20
-126.735947
  0
POINT
  8
3
 10
-2825.437036
 20
-127.765079
  0
POINT
  8
3
 10
-2809.806405
 20
-128.668668
  0
POINT
  8
3
 10
-2794.712092
 20
-129.409390
  0
POINT
  8
3
 10
-2779.158676
 20
-130.050492
  0
POINT
  8
3
 10
-2763.760282
 20
-130.571842
  0
POINT
  8
3
 10
-2748.408019
 20
-130.983231
  0
POINT
  8
3
 10
-2733.345306
 20
-131.277403
  0
POINT
  8
3
 10
-2722.806259
 20
-131.408951
  0
POINT
  8
3
 10
-2708.567748
 20
-131.389498
  0
POINT
  8
3
 10
-2696.079649
 20
-131.155089
  0
POINT
  8
3
 10
-2682.286404
 20
-130.605429
  0
POINT
  8
3
 10
-2667.141040
 20
-129.851008
  0
POINT
  8
3
 10
-2652.148844
 20
-129.195744
  0
POINT
  8
3
 10
-2637.000753
 20
-128.540537
  0
POINT
  8
3
 10
-2621.886134
 20
-127.712780
  0
POINT
  8
3
 10
-2606.757711
 20
-126.674239
  0
POINT
  8
3
 10
-2591.642945
 20
-125.441601
  0
POINT
  8
3
 10
-2576.543881
 20
-124.030396
  0
POINT
  8
3
 10
-2561.345669
 20
-122.439035
  0
POINT
  8
3
 10
-2546.285535
 20
-120.679834
  0
POINT
  8
3
 10
-2531.218141
 20
-118.718784
  0
POINT
  8
3
 10
-2516.209759
 20
-116.557897
  0
POINT
  8
3
 10
-2500.887151
 20
-114.133475
  0
POINT
  8
3
 10
-2485.946177
 20
-111.548381
  0
POINT
  8
3
 10
-2470.658904
 20
-108.667005
  0
POINT
  8
3
 10
-2455.254075
 20
-105.511664
  0
POINT
  8
3
 10
-2440.745477
 20
-102.297850
  0
POINT
  8
3
 10
-2426.543028
 20
-98.907151
  0
POINT
  8
3
 10
-2412.479992
 20
-95.296763
  0
POINT
  8
3
 10
-2397.857044
 20
-91.281599
  0
POINT
  8
3
 10
-2383.261341
 20
-87.021027
  0
POINT
  8
3
 10
-2368.770118
 20
-82.558041
  0
POINT
  8
3
 10
-2354.335183
 20
-77.916012
  0
POINT
  8
3
 10
-2339.995085
 20
-73.136927
  0
POINT
  8
3
 10
-2325.668611
 20
-68.171349
  0
POINT
  8
3
 10
-2311.557881
 20
-63.080494
  0
POINT
  8
3
 10
-2296.578369
 20
-57.511978
  0
POINT
  8
3
 10
-2289.060474
 20
-72.108037
  0
POINT
  8
3
 10
-2281.941384
 20
-85.929720
  0
POINT
  8
3
 10
-2275.850372
 20
-97.755394
  0
POINT
  8
3
 10
-2291.095091
 20
-103.505170
  0
POINT
  8
3
 10
-2306.850005
 20
-109.208419
  0
POINT
  8
3
 10
-2321.807918
 20
-114.434833
  0
POINT
  8
3
 10
-2336.958132
 20
-119.543436
  0
POINT
  8
3
 10
-2351.484089
 20
-124.259318
  0
POINT
  8
3
 10
-2366.759815
 20
-129.011650
  0
POINT
  8
3
 10
-2382.548133
 20
-133.677387
  0
POINT
  8
3
 10
-2397.187313
 20
-137.751329
  0
POINT
  8
3
 10
-2413.349629
 20
-141.941538
  0
POINT
  8
3
 10
-2429.590899
 20
-145.840820
  0
POINT
  8
3
 10
-2445.902242
 20
-149.462929
  0
POINT
  8
3
 10
-2462.274835
 20
-152.821636
  0
POINT
  8
3
 10
-2477.197969
 20
-155.656777
  0
POINT
  8
3
 10
-2493.664107
 20
-158.548640
  0
POINT
  8
3
 10
-2510.171440
 20
-161.206206
  0
POINT
  8
3
 10
-2526.716094
 20
-163.633512
  0
POINT
  8
3
 10
-2543.294324
 20
-165.834614
  0
POINT
  8
3
 10
-2559.902273
 20
-167.813553
  0
POINT
  8
3
 10
-2576.536082
 20
-169.574369
  0
POINT
  8
3
 10
-2593.192009
 20
-171.121116
  0
POINT
  8
3
 10
-2609.866196
 20
-172.457835
  0
POINT
  8
3
 10
-2626.554785
 20
-173.588569
  0
POINT
  8
3
 10
-2643.254033
 20
-174.517368
  0
POINT
  8
3
 10
-2659.960044
 20
-175.248273
  0
POINT
  8
3
 10
-2676.669074
 20
-175.785333
  0
POINT
  8
3
 10
-2693.377267
 20
-176.132592
  0
POINT
  8
3
 10
-2709.077469
 20
-176.296685
  0
POINT
  8
3
 10
-2723.020072
 20
-176.347090
  0
POINT
  8
3
 10
-2724.401550
 20
-176.347218
  0
POINT
  8
4
 10
-2724.401550
 20
-176.347218
 30
1.524000
 50
 90.35
  0
TEXT
  8
4
 10
-2724.401550
 20
-176.347218
 40
0.000000
 50
0.000000
  1
# 127
  0
POINT
  8
4
 10
-3172.952271
 20
-97.755394
 30
1.524000
 50
 58.72
  0
TEXT
  8
4
 10
-3172.952271
 20
-97.755394
 40
0.000000
 50
0.000000
  1
# 128
  0
POINT
  8
4
 10
-3172.952271
 20
-97.755394
 30
1.524000
 50
 62.75
  0
TEXT
  8
4
 10
-3172.952271
 20
-97.755394
 40
0.000000
 50
0.000000
  1
# 129
  0
POINT
  8
4
 10
-3152.224121
 20
-57.511959
 30
1.524000
 50
339.60
  0
TEXT
  8
4
 10
-3152.224121
 20
-57.511959
 40
0.000000
 50
0.000000
  1
# 130
  0
POINT
  8
4
 10
-2296.578369
 20
-57.511978
 30
1.524000
 50
200.39
  0
TEXT
  8
4
 10
-2296.578369
 20
-57.511978
 40
0.000000
 50
0.000000
  1
# 131
  0
POINT
  8
4
 10
-2275.850372
 20
-97.755394
 30
1.524000
 50
110.66
  0
TEXT
  8
4
 10
-2275.850372
 20
-97.755394
 40
0.000000
 50
0.000000
  1
# 132
  0
POINT
  8
4
 10
-2724.401550
 20
-176.347218
 30
1.524000
 50
 90.01
  0
TEXT
  8
4
 10
-2724.401550
 20
-176.347218
 40
0.000000
 50
0.000000
  1
# 133
  0
POLYLINE
  8
8
  66
1
  70
0
  0
VERTEX
  8
8
  10
-2724.401550
  20
-131.365528
  0
VERTEX
  8
8
  10
-2724.401550
  20
-147.098217
  0
VERTEX
  8
8
  10
-2724.401550
  20
-162.114129
  0
VERTEX
  8
8
  10
-2724.401550
  20
-176.347218
  0
SEQEND
  8
8
  0
POINT
  8
2
 10
-2724.401550
 20
-131.365528
  0
TEXT
  8
2
 10
-2724.401550
 20
-131.365528
 40
0.000000
 50
0.000000
  1
# 134
  0
POINT
  8
2
 10
-2724.401550
 20
-176.347218
  0
TEXT
  8
2
 10
-2724.401550
 20
-176.347218
 40
0.000000
 50
0.000000
  1
# 135
  0
POINT
  8
3
 10
-2724.401550
 20
-147.098217
  0
POINT
  8
3
 10
-2724.401550
 20
-162.114129
 0
LINE
 8
7
 10
-2722.257385
 20
-132.500181
 11
-2722.257385
 21
-194.629478
  0
TEXT
  8
1
 10
-2724.418488
 20
-104.752946
 40
10.000000
 50
0.000000
  1
Piece Name: noname.腰.30
  0
TEXT
  8
1
 10
-2724.418488
 20
-89.752946
 40
10.000000
 50
0.000000
  1
Size: 30
  0
TEXT
  8
1
 10
-2724.418488
 20
-74.752946
 40
10.000000
 50
0.000000
  1
Annotation:  横:9.0%，直:0.0%
  0
TEXT
  8
1
 10
-2724.418488
 20
-59.752946
 40
10.000000
 50
0.000000
  1
Quantity: 2
  0
TEXT
  8
1
 10
-2724.418488
 20
-44.752946
 40
10.000000
 50
0.000000
  1
Category: 4
0
ENDBLK
0
BLOCK
  8
1
  2
noname..30
 70
0
 10
0.0
 20
0.0
  0
POLYLINE
  8
1
  66
1
  70
1
  0
VERTEX
  8
1
  10
-2272.782288
  20
-869.294052
  0
VERTEX
  8
1
  10
-2274.311068
  20
-857.424748
  0
VERTEX
  8
1
  10
-2276.200432
  20
-842.505131
  0
VERTEX
  8
1
  10
-2277.943962
  20
-827.516235
  0
VERTEX
  8
1
  10
-2279.171915
  20
-815.060505
  0
VERTEX
  8
1
  10
-2280.062208
  20
-803.645240
  0
VERTEX
  8
1
  10
-2280.651853
  20
-793.079517
  0
VERTEX
  8
1
  10
-2280.971732
  20
-783.176078
  0
VERTEX
  8
1
  10
-2281.011169
  20
-775.369972
  0
VERTEX
  8
1
  10
-2280.817216
  20
-768.642949
  0
VERTEX
  8
1
  10
-2280.407098
  20
-762.584476
  0
VERTEX
  8
1
  10
-2279.792887
  20
-757.017561
  0
VERTEX
  8
1
  10
-2278.987283
  20
-751.874529
  0
VERTEX
  8
1
  10
-2277.994340
  20
-747.095789
  0
VERTEX
  8
1
  10
-2276.845630
  20
-742.734813
  0
VERTEX
  8
1
  10
-2275.518929
  20
-738.638933
  0
VERTEX
  8
1
  10
-2274.032142
  20
-734.830294
  0
VERTEX
  8
1
  10
-2272.398088
  20
-731.301002
  0
VERTEX
  8
1
  10
-2270.539416
  20
-727.886061
  0
VERTEX
  8
1
  10
-2268.587683
  20
-724.810089
  0
VERTEX
  8
1
  10
-2266.367952
  20
-721.789922
  0
VERTEX
  8
1
  10
-2263.940647
  20
-718.912640
  0
VERTEX
  8
1
  10
-2261.180582
  20
-716.037859
  0
VERTEX
  8
1
  10
-2258.076754
  20
-713.186292
  0
VERTEX
  8
1
  10
-2254.714028
  20
-710.448420
  0
VERTEX
  8
1
  10
-2250.971153
  20
-707.739191
  0
VERTEX
  8
1
  10
-2246.893914
  20
-705.112499
  0
VERTEX
  8
1
  10
-2242.494952
  20
-702.587130
  0
VERTEX
  8
1
  10
-2237.692072
  20
-700.131494
  0
VERTEX
  8
1
  10
-2232.596325
  20
-697.814424
  0
VERTEX
  8
1
  10
-2227.147872
  20
-695.615686
  0
VERTEX
  8
1
  10
-2221.331318
  20
-693.542486
  0
VERTEX
  8
1
  10
-2215.103126
  20
-691.596661
  0
VERTEX
  8
1
  10
-2208.573175
  20
-689.825636
  0
VERTEX
  8
1
  10
-2201.813733
  20
-688.254216
  0
VERTEX
  8
1
  10
-2194.734789
  20
-686.865743
  0
VERTEX
  8
1
  10
-2187.028786
  20
-685.616514
  0
VERTEX
  8
1
  10
-2179.233509
  20
-684.598482
  0
VERTEX
  8
1
  10
-2172.154565
  20
-683.907472
  0
VERTEX
  8
1
  10
-2165.329650
  20
-683.485696
  0
VERTEX
  8
1
  10
-2155.273137
  20
-683.196424
  0
VERTEX
  8
1
  10
-2140.026855
  20
-682.880707
  0
VERTEX
  8
1
  10
-2138.932209
  20
-698.457088
  0
VERTEX
  8
1
  10
-2137.746124
  20
-712.130280
  0
VERTEX
  8
1
  10
-2137.760773
  20
-711.972275
  0
VERTEX
  8
1
  10
-2136.075072
  20
-726.996865
  0
VERTEX
  8
1
  10
-2134.278302
  20
-740.755611
  0
VERTEX
  8
1
  10
-2132.490199
  20
-752.686084
  0
VERTEX
  8
1
  10
-2130.188102
  20
-766.086409
  0
VERTEX
  8
1
  10
-2127.448564
  20
-781.103990
  0
VERTEX
  8
1
  10
-2125.015410
  20
-793.615585
  0
VERTEX
  8
1
  10
-2122.749587
  20
-803.946919
  0
VERTEX
  8
1
  10
-2120.459843
  20
-813.222908
  0
VERTEX
  8
1
  10
-2117.642400
  20
-823.492327
  0
VERTEX
  8
1
  10
-2114.311932
  20
-834.692719
  0
VERTEX
  8
1
  10
-2113.600006
  20
-836.972733
  0
VERTEX
  8
1
  10
-2118.126318
  20
-838.494571
  0
VERTEX
  8
1
  10
-2132.368053
  20
-843.330732
  0
VERTEX
  8
1
  10
-2143.143284
  20
-846.778336
  0
VERTEX
  8
1
  10
-2154.462850
  20
-850.135135
  0
VERTEX
  8
1
  10
-2166.397687
  20
-853.401690
  0
VERTEX
  8
1
  10
-2177.849228
  20
-856.279162
  0
VERTEX
  8
1
  10
-2188.401084
  20
-858.682178
  0
VERTEX
  8
1
  10
-2198.403393
  20
-860.714713
  0
VERTEX
  8
1
  10
-2208.574323
  20
-862.523913
  0
VERTEX
  8
1
  10
-2210.990906
  20
-862.917175
  0
VERTEX
  8
1
  10
-2219.273145
  20
-864.164443
  0
VERTEX
  8
1
  10
-2230.494786
  20
-865.620459
  0
VERTEX
  8
1
  10
-2242.860401
  20
-866.945879
  0
VERTEX
  8
1
  10
-2257.088343
  20
-868.195374
  0
SEQEND
  8
1
  0
POINT
  8
2
 10
-2272.782288
 20
-869.294052
  0
TEXT
  8
2
 10
-2272.782288
 20
-869.294052
 40
0.000000
 50
0.000000
  1
# 136
  0
POINT
  8
2
 10
-2140.026855
 20
-682.880707
  0
TEXT
  8
2
 10
-2140.026855
 20
-682.880707
 40
0.000000
 50
0.000000
  1
# 137
  0
POINT
  8
2
 10
-2137.760773
 20
-711.972275
  0
TEXT
  8
2
 10
-2137.760773
 20
-711.972275
 40
0.000000
 50
0.000000
  1
# 138
  0
POINT
  8
2
 10
-2113.600006
 20
-836.972733
  0
TEXT
  8
2
 10
-2113.600006
 20
-836.972733
 40
0.000000
 50
0.000000
  1
# 139
  0
POINT
  8
3
 10
-2274.311068
 20
-857.424748
  0
POINT
  8
3
 10
-2276.200432
 20
-842.505131
  0
POINT
  8
3
 10
-2277.943962
 20
-827.516235
  0
POINT
  8
3
 10
-2279.171915
 20
-815.060505
  0
POINT
  8
3
 10
-2280.062208
 20
-803.645240
  0
POINT
  8
3
 10
-2280.651853
 20
-793.079517
  0
POINT
  8
3
 10
-2280.971732
 20
-783.176078
  0
POINT
  8
3
 10
-2281.011169
 20
-775.369972
  0
POINT
  8
3
 10
-2280.817216
 20
-768.642949
  0
POINT
  8
3
 10
-2280.407098
 20
-762.584476
  0
POINT
  8
3
 10
-2279.792887
 20
-757.017561
  0
POINT
  8
3
 10
-2278.987283
 20
-751.874529
  0
POINT
  8
3
 10
-2277.994340
 20
-747.095789
  0
POINT
  8
3
 10
-2276.845630
 20
-742.734813
  0
POINT
  8
3
 10
-2275.518929
 20
-738.638933
  0
POINT
  8
3
 10
-2274.032142
 20
-734.830294
  0
POINT
  8
3
 10
-2272.398088
 20
-731.301002
  0
POINT
  8
3
 10
-2270.539416
 20
-727.886061
  0
POINT
  8
3
 10
-2268.587683
 20
-724.810089
  0
POINT
  8
3
 10
-2266.367952
 20
-721.789922
  0
POINT
  8
3
 10
-2263.940647
 20
-718.912640
  0
POINT
  8
3
 10
-2261.180582
 20
-716.037859
  0
POINT
  8
3
 10
-2258.076754
 20
-713.186292
  0
POINT
  8
3
 10
-2254.714028
 20
-710.448420
  0
POINT
  8
3
 10
-2250.971153
 20
-707.739191
  0
POINT
  8
3
 10
-2246.893914
 20
-705.112499
  0
POINT
  8
3
 10
-2242.494952
 20
-702.587130
  0
POINT
  8
3
 10
-2237.692072
 20
-700.131494
  0
POINT
  8
3
 10
-2232.596325
 20
-697.814424
  0
POINT
  8
3
 10
-2227.147872
 20
-695.615686
  0
POINT
  8
3
 10
-2221.331318
 20
-693.542486
  0
POINT
  8
3
 10
-2215.103126
 20
-691.596661
  0
POINT
  8
3
 10
-2208.573175
 20
-689.825636
  0
POINT
  8
3
 10
-2201.813733
 20
-688.254216
  0
POINT
  8
3
 10
-2194.734789
 20
-686.865743
  0
POINT
  8
3
 10
-2187.028786
 20
-685.616514
  0
POINT
  8
3
 10
-2179.233509
 20
-684.598482
  0
POINT
  8
3
 10
-2172.154565
 20
-683.907472
  0
POINT
  8
3
 10
-2165.329650
 20
-683.485696
  0
POINT
  8
3
 10
-2155.273137
 20
-683.196424
  0
POINT
  8
3
 10
-2138.932209
 20
-698.457088
  0
POINT
  8
3
 10
-2137.746124
 20
-712.130280
  0
POINT
  8
3
 10
-2136.075072
 20
-726.996865
  0
POINT
  8
3
 10
-2134.278302
 20
-740.755611
  0
POINT
  8
3
 10
-2132.490199
 20
-752.686084
  0
POINT
  8
3
 10
-2130.188102
 20
-766.086409
  0
POINT
  8
3
 10
-2127.448564
 20
-781.103990
  0
POINT
  8
3
 10
-2125.015410
 20
-793.615585
  0
POINT
  8
3
 10
-2122.749587
 20
-803.946919
  0
POINT
  8
3
 10
-2120.459843
 20
-813.222908
  0
POINT
  8
3
 10
-2117.642400
 20
-823.492327
  0
POINT
  8
3
 10
-2114.311932
 20
-834.692719
  0
POINT
  8
3
 10
-2118.126318
 20
-838.494571
  0
POINT
  8
3
 10
-2132.368053
 20
-843.330732
  0
POINT
  8
3
 10
-2143.143284
 20
-846.778336
  0
POINT
  8
3
 10
-2154.462850
 20
-850.135135
  0
POINT
  8
3
 10
-2166.397687
 20
-853.401690
  0
POINT
  8
3
 10
-2177.849228
 20
-856.279162
  0
POINT
  8
3
 10
-2188.401084
 20
-858.682178
  0
POINT
  8
3
 10
-2198.403393
 20
-860.714713
  0
POINT
  8
3
 10
-2208.574323
 20
-862.523913
  0
POINT
  8
3
 10
-2210.990906
 20
-862.917175
  0
POINT
  8
3
 10
-2219.273145
 20
-864.164443
  0
POINT
  8
3
 10
-2230.494786
 20
-865.620459
  0
POINT
  8
3
 10
-2242.860401
 20
-866.945879
  0
POINT
  8
3
 10
-2257.088343
 20
-868.195374
  0
POINT
  8
4
 10
-2137.746124
 20
-712.130280
 30
1.524000
 50
184.96
  0
TEXT
  8
4
 10
-2137.746124
 20
-712.130280
 40
0.000000
 50
0.000000
  1
# 140
  0
POINT
  8
4
 10
-2210.990906
 20
-862.917175
 30
1.524000
 50
 99.09
  0
TEXT
  8
4
 10
-2210.990906
 20
-862.917175
 40
0.000000
 50
0.000000
  1
# 141
  0
POLYLINE
  8
14
  66
1
  70
1
  0
VERTEX
  8
14
  10
-2272.792511
  20
-856.688004
  0
VERTEX
  8
14
  10
-2273.778521
  20
-849.609232
  0
VERTEX
  8
14
  10
-2275.426985
  20
-836.184361
  0
VERTEX
  8
14
  10
-2276.855877
  20
-822.533441
  0
VERTEX
  8
14
  10
-2277.990351
  20
-809.382329
  0
VERTEX
  8
14
  10
-2278.838005
  20
-796.609575
  0
VERTEX
  8
14
  10
-2279.297309
  20
-786.268676
  0
VERTEX
  8
14
  10
-2279.431074
  20
-778.323152
  0
VERTEX
  8
14
  10
-2279.290909
  20
-770.402593
  0
VERTEX
  8
14
  10
-2278.908230
  20
-763.871267
  0
VERTEX
  8
14
  10
-2278.235403
  20
-757.445677
  0
VERTEX
  8
14
  10
-2277.457713
  20
-752.408307
  0
VERTEX
  8
14
  10
-2276.442006
  20
-747.484874
  0
VERTEX
  8
14
  10
-2275.165028
  20
-742.695949
  0
VERTEX
  8
14
  10
-2273.603525
  20
-738.062100
  0
VERTEX
  8
14
  10
-2271.734250
  20
-733.603911
  0
VERTEX
  8
14
  10
-2269.533937
  20
-729.341918
  0
VERTEX
  8
14
  10
-2266.979337
  20
-725.296707
  0
VERTEX
  8
14
  10
-2264.155344
  20
-721.602702
  0
VERTEX
  8
14
  10
-2260.897364
  20
-718.014736
  0
VERTEX
  8
14
  10
-2257.324700
  20
-714.652777
  0
VERTEX
  8
14
  10
-2253.469302
  20
-711.511074
  0
VERTEX
  8
14
  10
-2249.363119
  20
-708.583872
  0
VERTEX
  8
14
  10
-2245.038078
  20
-705.865399
  0
VERTEX
  8
14
  10
-2240.526138
  20
-703.349908
  0
VERTEX
  8
14
  10
-2234.672030
  20
-700.482201
  0
VERTEX
  8
14
  10
-2228.638174
  20
-697.911394
  0
VERTEX
  8
14
  10
-2222.486960
  20
-695.626240
  0
VERTEX
  8
14
  10
-2216.075755
  20
-693.553682
  0
VERTEX
  8
14
  10
-2208.641928
  20
-691.495083
  0
VERTEX
  8
14
  10
-2201.309710
  20
-689.782866
  0
VERTEX
  8
14
  10
-2193.001916
  20
-688.180787
  0
VERTEX
  8
14
  10
-2185.093373
  20
-686.956715
  0
VERTEX
  8
14
  10
-2176.724179
  20
-685.956089
  0
VERTEX
  8
14
  10
-2168.412704
  20
-685.248448
  0
VERTEX
  8
14
  10
-2160.262093
  20
-684.834065
  0
VERTEX
  8
14
  10
-2152.627106
  20
-684.739151
  0
VERTEX
  8
14
  10
-2151.523788
  20
-700.327195
  0
VERTEX
  8
14
  10
-2150.397339
  20
-713.227692
  0
VERTEX
  8
14
  10
-2150.397339
  20
-713.228836
  0
VERTEX
  8
14
  10
-2148.621068
  20
-729.001301
  0
VERTEX
  8
14
  10
-2146.788988
  20
-742.999435
  0
VERTEX
  8
14
  10
-2144.999176
  20
-754.888533
  0
VERTEX
  8
14
  10
-2142.679077
  20
-768.421557
  0
VERTEX
  8
14
  10
-2139.923432
  20
-783.392717
  0
VERTEX
  8
14
  10
-2137.193766
  20
-797.440366
  0
VERTEX
  8
14
  10
-2135.117564
  20
-806.941365
  0
VERTEX
  8
14
  10
-2132.998546
  20
-815.457426
  0
VERTEX
  8
14
  10
-2130.234946
  20
-825.438378
  0
VERTEX
  8
14
  10
-2129.229126
  20
-828.854752
  0
VERTEX
  8
14
  10
-2132.886672
  20
-830.107248
  0
VERTEX
  8
14
  10
-2144.042959
  20
-833.722057
  0
VERTEX
  8
14
  10
-2156.488411
  20
-837.474658
  0
VERTEX
  8
14
  10
-2168.182972
  20
-840.738114
  0
VERTEX
  8
14
  10
-2179.282807
  20
-843.580075
  0
VERTEX
  8
14
  10
-2189.191258
  20
-845.878576
  0
VERTEX
  8
14
  10
-2199.456478
  20
-847.984639
  0
VERTEX
  8
14
  10
-2211.154501
  20
-850.047861
  0
VERTEX
  8
14
  10
-2213.001709
  20
-850.344620
  0
VERTEX
  8
14
  10
-2222.558461
  20
-851.766431
  0
VERTEX
  8
14
  10
-2234.902305
  20
-853.345283
  0
VERTEX
  8
14
  10
-2247.452441
  20
-854.681503
  0
VERTEX
  8
14
  10
-2260.101346
  20
-855.767847
  0
SEQEND
  8
14
  0
POINT
  8
2
 10
-2272.792511
 20
-856.688004
  0
TEXT
  8
2
 10
-2272.792511
 20
-856.688004
 40
0.000000
 50
0.000000
  1
# 142
  0
POINT
  8
2
 10
-2152.627106
 20
-684.739151
  0
TEXT
  8
2
 10
-2152.627106
 20
-684.739151
 40
0.000000
 50
0.000000
  1
# 143
  0
POINT
  8
2
 10
-2150.397339
 20
-713.228836
  0
TEXT
  8
2
 10
-2150.397339
 20
-713.228836
 40
0.000000
 50
0.000000
  1
# 144
  0
POINT
  8
2
 10
-2129.229126
 20
-828.854752
  0
TEXT
  8
2
 10
-2129.229126
 20
-828.854752
 40
0.000000
 50
0.000000
  1
# 145
  0
POINT
  8
3
 10
-2273.778521
 20
-849.609232
  0
POINT
  8
3
 10
-2275.426985
 20
-836.184361
  0
POINT
  8
3
 10
-2276.855877
 20
-822.533441
  0
POINT
  8
3
 10
-2277.990351
 20
-809.382329
  0
POINT
  8
3
 10
-2278.838005
 20
-796.609575
  0
POINT
  8
3
 10
-2279.297309
 20
-786.268676
  0
POINT
  8
3
 10
-2279.431074
 20
-778.323152
  0
POINT
  8
3
 10
-2279.290909
 20
-770.402593
  0
POINT
  8
3
 10
-2278.908230
 20
-763.871267
  0
POINT
  8
3
 10
-2278.235403
 20
-757.445677
  0
POINT
  8
3
 10
-2277.457713
 20
-752.408307
  0
POINT
  8
3
 10
-2276.442006
 20
-747.484874
  0
POINT
  8
3
 10
-2275.165028
 20
-742.695949
  0
POINT
  8
3
 10
-2273.603525
 20
-738.062100
  0
POINT
  8
3
 10
-2271.734250
 20
-733.603911
  0
POINT
  8
3
 10
-2269.533937
 20
-729.341918
  0
POINT
  8
3
 10
-2266.979337
 20
-725.296707
  0
POINT
  8
3
 10
-2264.155344
 20
-721.602702
  0
POINT
  8
3
 10
-2260.897364
 20
-718.014736
  0
POINT
  8
3
 10
-2257.324700
 20
-714.652777
  0
POINT
  8
3
 10
-2253.469302
 20
-711.511074
  0
POINT
  8
3
 10
-2249.363119
 20
-708.583872
  0
POINT
  8
3
 10
-2245.038078
 20
-705.865399
  0
POINT
  8
3
 10
-2240.526138
 20
-703.349908
  0
POINT
  8
3
 10
-2234.672030
 20
-700.482201
  0
POINT
  8
3
 10
-2228.638174
 20
-697.911394
  0
POINT
  8
3
 10
-2222.486960
 20
-695.626240
  0
POINT
  8
3
 10
-2216.075755
 20
-693.553682
  0
POINT
  8
3
 10
-2208.641928
 20
-691.495083
  0
POINT
  8
3
 10
-2201.309710
 20
-689.782866
  0
POINT
  8
3
 10
-2193.001916
 20
-688.180787
  0
POINT
  8
3
 10
-2185.093373
 20
-686.956715
  0
POINT
  8
3
 10
-2176.724179
 20
-685.956089
  0
POINT
  8
3
 10
-2168.412704
 20
-685.248448
  0
POINT
  8
3
 10
-2160.262093
 20
-684.834065
  0
POINT
  8
3
 10
-2151.523788
 20
-700.327195
  0
POINT
  8
3
 10
-2150.397339
 20
-713.227692
  0
POINT
  8
3
 10
-2148.621068
 20
-729.001301
  0
POINT
  8
3
 10
-2146.788988
 20
-742.999435
  0
POINT
  8
3
 10
-2144.999176
 20
-754.888533
  0
POINT
  8
3
 10
-2142.679077
 20
-768.421557
  0
POINT
  8
3
 10
-2139.923432
 20
-783.392717
  0
POINT
  8
3
 10
-2137.193766
 20
-797.440366
  0
POINT
  8
3
 10
-2135.117564
 20
-806.941365
  0
POINT
  8
3
 10
-2132.998546
 20
-815.457426
  0
POINT
  8
3
 10
-2130.234946
 20
-825.438378
  0
POINT
  8
3
 10
-2132.886672
 20
-830.107248
  0
POINT
  8
3
 10
-2144.042959
 20
-833.722057
  0
POINT
  8
3
 10
-2156.488411
 20
-837.474658
  0
POINT
  8
3
 10
-2168.182972
 20
-840.738114
  0
POINT
  8
3
 10
-2179.282807
 20
-843.580075
  0
POINT
  8
3
 10
-2189.191258
 20
-845.878576
  0
POINT
  8
3
 10
-2199.456478
 20
-847.984639
  0
POINT
  8
3
 10
-2211.154501
 20
-850.047861
  0
POINT
  8
3
 10
-2213.001709
 20
-850.344620
  0
POINT
  8
3
 10
-2222.558461
 20
-851.766431
  0
POINT
  8
3
 10
-2234.902305
 20
-853.345283
  0
POINT
  8
3
 10
-2247.452441
 20
-854.681503
  0
POINT
  8
3
 10
-2260.101346
 20
-855.767847
  0
POINT
  8
4
 10
-2150.397339
 20
-713.227692
 30
1.524000
 50
185.42
  0
TEXT
  8
4
 10
-2150.397339
 20
-713.227692
 40
0.000000
 50
0.000000
  1
# 146
  0
POINT
  8
4
 10
-2213.001709
 20
-850.344620
 30
1.524000
 50
 99.02
  0
TEXT
  8
4
 10
-2213.001709
 20
-850.344620
 40
0.000000
 50
0.000000
  1
# 147
  0
POLYLINE
  8
8
  66
1
  70
0
  0
VERTEX
  8
8
  10
-2169.665985
  20
-739.508133
  0
VERTEX
  8
8
  10
-2166.968625
  20
-755.528385
  0
VERTEX
  8
8
  10
-2164.317376
  20
-771.274776
  0
VERTEX
  8
8
  10
-2161.690039
  20
-786.879144
  0
VERTEX
  8
8
  10
-2159.044638
  20
-802.590796
  0
VERTEX
  8
8
  10
-2156.481062
  20
-817.816478
  0
VERTEX
  8
8
  10
-2154.033419
  20
-832.353599
  0
VERTEX
  8
8
  10
-2153.331451
  20
-836.522751
  0
SEQEND
  8
8
  0
POINT
  8
2
 10
-2169.665985
 20
-739.508133
  0
TEXT
  8
2
 10
-2169.665985
 20
-739.508133
 40
0.000000
 50
0.000000
  1
# 148
  0
POINT
  8
2
 10
-2153.331451
 20
-836.522751
  0
TEXT
  8
2
 10
-2153.331451
 20
-836.522751
 40
0.000000
 50
0.000000
  1
# 149
  0
POINT
  8
3
 10
-2166.968625
 20
-755.528385
  0
POINT
  8
3
 10
-2164.317376
 20
-771.274776
  0
POINT
  8
3
 10
-2161.690039
 20
-786.879144
  0
POINT
  8
3
 10
-2159.044638
 20
-802.590796
  0
POINT
  8
3
 10
-2156.481062
 20
-817.816478
  0
POINT
  8
3
 10
-2154.033419
 20
-832.353599
  0
POLYLINE
  8
8
  66
1
  70
0
  0
VERTEX
  8
8
  10
-2150.433044
  20
-713.232193
  0
VERTEX
  8
8
  10
-2156.171099
  20
-714.294035
  0
VERTEX
  8
8
  10
-2162.066148
  20
-715.710284
  0
VERTEX
  8
8
  10
-2168.445903
  20
-717.581423
  0
VERTEX
  8
8
  10
-2173.707809
  20
-719.410039
  0
VERTEX
  8
8
  10
-2179.209571
  20
-721.638275
  0
VERTEX
  8
8
  10
-2183.867810
  20
-723.823200
  0
VERTEX
  8
8
  10
-2188.498877
  20
-726.325869
  0
VERTEX
  8
8
  10
-2193.014712
  20
-729.164570
  0
VERTEX
  8
8
  10
-2196.485236
  20
-731.689763
  0
VERTEX
  8
8
  10
-2199.780560
  20
-734.451080
  0
VERTEX
  8
8
  10
-2202.855602
  20
-737.457888
  0
VERTEX
  8
8
  10
-2205.665270
  20
-740.719548
  0
VERTEX
  8
8
  10
-2208.097570
  20
-744.137839
  0
VERTEX
  8
8
  10
-2210.286684
  20
-747.911448
  0
VERTEX
  8
8
  10
-2212.171821
  20
-751.918703
  0
VERTEX
  8
8
  10
-2213.771448
  20
-756.136272
  0
VERTEX
  8
8
  10
-2215.104034
  20
-760.540834
  0
VERTEX
  8
8
  10
-2216.188050
  20
-765.109056
  0
VERTEX
  8
8
  10
-2217.041971
  20
-769.817634
  0
VERTEX
  8
8
  10
-2217.813934
  20
-775.865182
  0
VERTEX
  8
8
  10
-2218.291306
  20
-782.050027
  0
VERTEX
  8
8
  10
-2218.510162
  20
-788.326616
  0
VERTEX
  8
8
  10
-2218.482343
  20
-795.915494
  0
VERTEX
  8
8
  10
-2218.128213
  20
-804.748236
  0
VERTEX
  8
8
  10
-2217.463703
  20
-814.144793
  0
VERTEX
  8
8
  10
-2216.446397
  20
-824.790397
  0
VERTEX
  8
8
  10
-2215.082091
  20
-836.314111
  0
VERTEX
  8
8
  10
-2213.482481
  20
-847.713949
  0
VERTEX
  8
8
  10
-2212.825317
  20
-851.873245
  0
SEQEND
  8
8
  0
POINT
  8
2
 10
-2150.433044
 20
-713.232193
  0
TEXT
  8
2
 10
-2150.433044
 20
-713.232193
 40
0.000000
 50
0.000000
  1
# 150
  0
POINT
  8
2
 10
-2212.825317
 20
-851.873245
  0
TEXT
  8
2
 10
-2212.825317
 20
-851.873245
 40
0.000000
 50
0.000000
  1
# 151
  0
POINT
  8
3
 10
-2156.171099
 20
-714.294035
  0
POINT
  8
3
 10
-2162.066148
 20
-715.710284
  0
POINT
  8
3
 10
-2168.445903
 20
-717.581423
  0
POINT
  8
3
 10
-2173.707809
 20
-719.410039
  0
POINT
  8
3
 10
-2179.209571
 20
-721.638275
  0
POINT
  8
3
 10
-2183.867810
 20
-723.823200
  0
POINT
  8
3
 10
-2188.498877
 20
-726.325869
  0
POINT
  8
3
 10
-2193.014712
 20
-729.164570
  0
POINT
  8
3
 10
-2196.485236
 20
-731.689763
  0
POINT
  8
3
 10
-2199.780560
 20
-734.451080
  0
POINT
  8
3
 10
-2202.855602
 20
-737.457888
  0
POINT
  8
3
 10
-2205.665270
 20
-740.719548
  0
POINT
  8
3
 10
-2208.097570
 20
-744.137839
  0
POINT
  8
3
 10
-2210.286684
 20
-747.911448
  0
POINT
  8
3
 10
-2212.171821
 20
-751.918703
  0
POINT
  8
3
 10
-2213.771448
 20
-756.136272
  0
POINT
  8
3
 10
-2215.104034
 20
-760.540834
  0
POINT
  8
3
 10
-2216.188050
 20
-765.109056
  0
POINT
  8
3
 10
-2217.041971
 20
-769.817634
  0
POINT
  8
3
 10
-2217.813934
 20
-775.865182
  0
POINT
  8
3
 10
-2218.291306
 20
-782.050027
  0
POINT
  8
3
 10
-2218.510162
 20
-788.326616
  0
POINT
  8
3
 10
-2218.482343
 20
-795.915494
  0
POINT
  8
3
 10
-2218.128213
 20
-804.748236
  0
POINT
  8
3
 10
-2217.463703
 20
-814.144793
  0
POINT
  8
3
 10
-2216.446397
 20
-824.790397
  0
POINT
  8
3
 10
-2215.082091
 20
-836.314111
  0
POINT
  8
3
 10
-2213.482481
 20
-847.713949
  0
POLYLINE
  8
8
  66
1
  70
0
  0
VERTEX
  8
8
  10
-2274.741974
  20
-754.146500
  0
VERTEX
  8
8
  10
-2258.487472
  20
-751.996407
  0
VERTEX
  8
8
  10
-2242.530416
  20
-749.850139
  0
VERTEX
  8
8
  10
-2226.853649
  20
-747.702911
  0
VERTEX
  8
8
  10
-2211.700418
  20
-745.581502
  0
VERTEX
  8
8
  10
-2196.821637
  20
-743.460191
  0
VERTEX
  8
8
  10
-2181.638407
  20
-741.263412
  0
VERTEX
  8
8
  10
-2169.665985
  20
-739.508133
  0
SEQEND
  8
8
  0
POINT
  8
2
 10
-2274.741974
 20
-754.146500
  0
TEXT
  8
2
 10
-2274.741974
 20
-754.146500
 40
0.000000
 50
0.000000
  1
# 152
  0
POINT
  8
2
 10
-2169.665985
 20
-739.508133
  0
TEXT
  8
2
 10
-2169.665985
 20
-739.508133
 40
0.000000
 50
0.000000
  1
# 153
  0
POINT
  8
3
 10
-2258.487472
 20
-751.996407
  0
POINT
  8
3
 10
-2242.530416
 20
-749.850139
  0
POINT
  8
3
 10
-2226.853649
 20
-747.702911
  0
POINT
  8
3
 10
-2211.700418
 20
-745.581502
  0
POINT
  8
3
 10
-2196.821637
 20
-743.460191
  0
POINT
  8
3
 10
-2181.638407
 20
-741.263412
 0
LINE
 8
7
 10
-2271.537476
 20
-781.340027
 11
-2146.262207
 21
-781.340027
  0
TEXT
  8
1
 10
-2197.305587
 20
-776.087379
 40
10.000000
 50
0.000000
  1
Piece Name: noname..30
  0
TEXT
  8
1
 10
-2197.305587
 20
-761.087379
 40
10.000000
 50
0.000000
  1
Size: 30
  0
TEXT
  8
1
 10
-2197.305587
 20
-746.087379
 40
10.000000
 50
0.000000
  1
Annotation:  横:7.0%，直:14.0%
  0
TEXT
  8
1
 10
-2197.305587
 20
-731.087379
 40
10.000000
 50
0.000000
  1
Quantity: 2
  0
TEXT
  8
1
 10
-2197.305587
 20
-716.087379
 40
10.000000
 50
0.000000
  1
Category: 5
0
ENDBLK
0
BLOCK
  8
1
  2
noname..30
 70
0
 10
0.0
 20
0.0
  0
POLYLINE
  8
1
  66
1
  70
1
  0
VERTEX
  8
1
  10
-1942.707062
  20
-884.230270
  0
VERTEX
  8
1
  10
-1942.707062
  20
-868.535848
  0
VERTEX
  8
1
  10
-1942.707062
  20
-853.064654
  0
VERTEX
  8
1
  10
-1942.707062
  20
-837.593446
  0
VERTEX
  8
1
  10
-1942.707062
  20
-822.180836
  0
VERTEX
  8
1
  10
-1942.707062
  20
-806.709646
  0
VERTEX
  8
1
  10
-1942.707062
  20
-791.238458
  0
VERTEX
  8
1
  10
-1942.707062
  20
-776.076614
  0
VERTEX
  8
1
  10
-1942.707062
  20
-769.168243
  0
VERTEX
  8
1
  10
-1926.969635
  20
-769.168243
  0
VERTEX
  8
1
  10
-1911.501786
  20
-769.168243
  0
VERTEX
  8
1
  10
-1896.352322
  20
-769.168243
  0
VERTEX
  8
1
  10
-1881.329630
  20
-769.168243
  0
VERTEX
  8
1
  10
-1865.875927
  20
-769.168243
  0
VERTEX
  8
1
  10
-1850.853247
  20
-769.168243
  0
VERTEX
  8
1
  10
-1835.795451
  20
-769.168243
  0
VERTEX
  8
1
  10
-1820.852217
  20
-769.168243
  0
VERTEX
  8
1
  10
-1818.882141
  20
-769.168243
  0
VERTEX
  8
1
  10
-1818.882141
  20
-769.168243
  0
VERTEX
  8
1
  10
-1808.842803
  20
-769.168243
  0
VERTEX
  8
1
  10
-1793.482208
  20
-769.168243
  0
VERTEX
  8
1
  10
-1793.482208
  20
-784.663062
  0
VERTEX
  8
1
  10
-1793.482208
  20
-799.834811
  0
VERTEX
  8
1
  10
-1793.482208
  20
-814.866059
  0
VERTEX
  8
1
  10
-1793.482208
  20
-830.037818
  0
VERTEX
  8
1
  10
-1793.482208
  20
-845.087973
  0
VERTEX
  8
1
  10
-1793.482208
  20
-860.259726
  0
VERTEX
  8
1
  10
-1793.482208
  20
-875.464476
  0
VERTEX
  8
1
  10
-1793.482208
  20
-884.230270
  0
VERTEX
  8
1
  10
-1818.882141
  20
-884.230270
  0
VERTEX
  8
1
  10
-1818.882141
  20
-884.230270
  0
SEQEND
  8
1
  0
POINT
  8
2
 10
-1942.707062
 20
-884.230270
  0
TEXT
  8
2
 10
-1942.707062
 20
-884.230270
 40
0.000000
 50
0.000000
  1
# 154
  0
POINT
  8
2
 10
-1942.707062
 20
-769.168243
  0
TEXT
  8
2
 10
-1942.707062
 20
-769.168243
 40
0.000000
 50
0.000000
  1
# 155
  0
POINT
  8
2
 10
-1818.882141
 20
-769.168243
  0
TEXT
  8
2
 10
-1818.882141
 20
-769.168243
 40
0.000000
 50
0.000000
  1
# 156
  0
POINT
  8
2
 10
-1793.482208
 20
-769.168243
  0
TEXT
  8
2
 10
-1793.482208
 20
-769.168243
 40
0.000000
 50
0.000000
  1
# 157
  0
POINT
  8
2
 10
-1793.482208
 20
-884.230270
  0
TEXT
  8
2
 10
-1793.482208
 20
-884.230270
 40
0.000000
 50
0.000000
  1
# 158
  0
POINT
  8
2
 10
-1818.882141
 20
-884.230270
  0
TEXT
  8
2
 10
-1818.882141
 20
-884.230270
 40
0.000000
 50
0.000000
  1
# 159
  0
POINT
  8
3
 10
-1942.707062
 20
-868.535848
  0
POINT
  8
3
 10
-1942.707062
 20
-853.064654
  0
POINT
  8
3
 10
-1942.707062
 20
-837.593446
  0
POINT
  8
3
 10
-1942.707062
 20
-822.180836
  0
POINT
  8
3
 10
-1942.707062
 20
-806.709646
  0
POINT
  8
3
 10
-1942.707062
 20
-791.238458
  0
POINT
  8
3
 10
-1942.707062
 20
-776.076614
  0
POINT
  8
3
 10
-1926.969635
 20
-769.168243
  0
POINT
  8
3
 10
-1911.501786
 20
-769.168243
  0
POINT
  8
3
 10
-1896.352322
 20
-769.168243
  0
POINT
  8
3
 10
-1881.329630
 20
-769.168243
  0
POINT
  8
3
 10
-1865.875927
 20
-769.168243
  0
POINT
  8
3
 10
-1850.853247
 20
-769.168243
  0
POINT
  8
3
 10
-1835.795451
 20
-769.168243
  0
POINT
  8
3
 10
-1820.852217
 20
-769.168243
  0
POINT
  8
3
 10
-1818.882141
 20
-769.168243
  0
POINT
  8
3
 10
-1808.842803
 20
-769.168243
  0
POINT
  8
3
 10
-1793.482208
 20
-784.663062
  0
POINT
  8
3
 10
-1793.482208
 20
-799.834811
  0
POINT
  8
3
 10
-1793.482208
 20
-814.866059
  0
POINT
  8
3
 10
-1793.482208
 20
-830.037818
  0
POINT
  8
3
 10
-1793.482208
 20
-845.087973
  0
POINT
  8
3
 10
-1793.482208
 20
-860.259726
  0
POINT
  8
3
 10
-1793.482208
 20
-875.464476
  0
POINT
  8
3
 10
-1818.882141
 20
-884.230270
  0
POINT
  8
4
 10
-1818.882141
 20
-769.168243
 30
1.524000
 50
270.00
  0
TEXT
  8
4
 10
-1818.882141
 20
-769.168243
 40
0.000000
 50
0.000000
  1
# 160
  0
POINT
  8
4
 10
-1818.882141
 20
-884.230270
 30
1.524000
 50
 90.00
  0
TEXT
  8
4
 10
-1818.882141
 20
-884.230270
 40
0.000000
 50
0.000000
  1
# 161
  0
POLYLINE
  8
14
  66
1
  70
1
  0
VERTEX
  8
14
  10
-1942.707062
  20
-871.530304
  0
VERTEX
  8
14
  10
-1942.707062
  20
-855.508996
  0
VERTEX
  8
14
  10
-1942.707062
  20
-839.842167
  0
VERTEX
  8
14
  10
-1942.707062
  20
-825.175343
  0
VERTEX
  8
14
  10
-1942.707062
  20
-808.739027
  0
VERTEX
  8
14
  10
-1942.707062
  20
-793.794312
  0
VERTEX
  8
14
  10
-1942.707062
  20
-781.868210
  0
VERTEX
  8
14
  10
-1926.518983
  20
-781.868210
  0
VERTEX
  8
14
  10
-1910.173295
  20
-781.868210
  0
VERTEX
  8
14
  10
-1893.767885
  20
-781.868210
  0
VERTEX
  8
14
  10
-1877.894125
  20
-781.868210
  0
VERTEX
  8
14
  10
-1862.190803
  20
-781.868210
  0
VERTEX
  8
14
  10
-1846.363572
  20
-781.868210
  0
VERTEX
  8
14
  10
-1831.208190
  20
-781.868210
  0
VERTEX
  8
14
  10
-1818.882141
  20
-781.868210
  0
VERTEX
  8
14
  10
-1818.882141
  20
-781.868210
  0
VERTEX
  8
14
  10
-1818.882141
  20
-798.157113
  0
VERTEX
  8
14
  10
-1818.882141
  20
-813.668234
  0
VERTEX
  8
14
  10
-1818.882141
  20
-829.124247
  0
VERTEX
  8
14
  10
-1818.882141
  20
-844.688641
  0
VERTEX
  8
14
  10
-1818.882141
  20
-859.822590
  0
VERTEX
  8
14
  10
-1818.882141
  20
-871.530304
  0
VERTEX
  8
14
  10
-1818.882141
  20
-871.530304
  0
SEQEND
  8
14
  0
POINT
  8
2
 10
-1942.707062
 20
-871.530304
  0
TEXT
  8
2
 10
-1942.707062
 20
-871.530304
 40
0.000000
 50
0.000000
  1
# 162
  0
POINT
  8
2
 10
-1942.707062
 20
-781.868210
  0
TEXT
  8
2
 10
-1942.707062
 20
-781.868210
 40
0.000000
 50
0.000000
  1
# 163
  0
POINT
  8
2
 10
-1818.882141
 20
-781.868210
  0
TEXT
  8
2
 10
-1818.882141
 20
-781.868210
 40
0.000000
 50
0.000000
  1
# 164
  0
POINT
  8
2
 10
-1818.882141
 20
-871.530304
  0
TEXT
  8
2
 10
-1818.882141
 20
-871.530304
 40
0.000000
 50
0.000000
  1
# 165
  0
POINT
  8
3
 10
-1942.707062
 20
-855.508996
  0
POINT
  8
3
 10
-1942.707062
 20
-839.842167
  0
POINT
  8
3
 10
-1942.707062
 20
-825.175343
  0
POINT
  8
3
 10
-1942.707062
 20
-808.739027
  0
POINT
  8
3
 10
-1942.707062
 20
-793.794312
  0
POINT
  8
3
 10
-1926.518983
 20
-781.868210
  0
POINT
  8
3
 10
-1910.173295
 20
-781.868210
  0
POINT
  8
3
 10
-1893.767885
 20
-781.868210
  0
POINT
  8
3
 10
-1877.894125
 20
-781.868210
  0
POINT
  8
3
 10
-1862.190803
 20
-781.868210
  0
POINT
  8
3
 10
-1846.363572
 20
-781.868210
  0
POINT
  8
3
 10
-1831.208190
 20
-781.868210
  0
POINT
  8
3
 10
-1818.882141
 20
-781.868210
  0
POINT
  8
3
 10
-1818.882141
 20
-798.157113
  0
POINT
  8
3
 10
-1818.882141
 20
-813.668234
  0
POINT
  8
3
 10
-1818.882141
 20
-829.124247
  0
POINT
  8
3
 10
-1818.882141
 20
-844.688641
  0
POINT
  8
3
 10
-1818.882141
 20
-859.822590
  0
POINT
  8
3
 10
-1818.882141
 20
-871.530304
  0
POINT
  8
4
 10
-1818.882141
 20
-781.868210
 30
1.524000
 50
270.00
  0
TEXT
  8
4
 10
-1818.882141
 20
-781.868210
 40
0.000000
 50
0.000000
  1
# 166
  0
POINT
  8
4
 10
-1818.882141
 20
-871.530304
 30
1.524000
 50
 90.00
  0
TEXT
  8
4
 10
-1818.882141
 20
-871.530304
 40
0.000000
 50
0.000000
  1
# 167
 0
LINE
 8
7
 10
-1905.520935
 20
-820.915146
 11
-1833.346252
 21
-820.915146
  0
TEXT
  8
1
 10
-1868.094635
 20
-826.699257
 40
10.000000
 50
0.000000
  1
Piece Name: noname..30
  0
TEXT
  8
1
 10
-1868.094635
 20
-811.699257
 40
10.000000
 50
0.000000
  1
Size: 30
  0
TEXT
  8
1
 10
-1868.094635
 20
-796.699257
 40
10.000000
 50
0.000000
  1
Annotation: 
  0
TEXT
  8
1
 10
-1868.094635
 20
-781.699257
 40
10.000000
 50
0.000000
  1
Quantity: 1
  0
TEXT
  8
1
 10
-1868.094635
 20
-766.699257
 40
10.000000
 50
0.000000
  1
Category: 6
0
ENDBLK
0
BLOCK
  8
1
  2
noname.M1787#28-32小33-38大码.30
 70
0
 10
0.0
 20
0.0
  0
POLYLINE
  8
1
  66
1
  70
1
  0
VERTEX
  8
1
  10
-2163.904877
  20
-555.507698
  0
VERTEX
  8
1
  10
-2178.925621
  20
-550.148224
  0
VERTEX
  8
1
  10
-2193.595851
  20
-544.913827
  0
VERTEX
  8
1
  10
-2207.740768
  20
-539.866876
  0
VERTEX
  8
1
  10
-2222.386214
  20
-534.641342
  0
VERTEX
  8
1
  10
-2237.000347
  20
-529.426973
  0
VERTEX
  8
1
  10
-2251.233787
  20
-524.348425
  0
VERTEX
  8
1
  10
-2255.196228
  20
-522.934608
  0
VERTEX
  8
1
  10
-2256.805567
  20
-507.353210
  0
VERTEX
  8
1
  10
-2258.360023
  20
-491.872337
  0
VERTEX
  8
1
  10
-2259.864378
  20
-476.341729
  0
VERTEX
  8
1
  10
-2261.276777
  20
-460.998264
  0
VERTEX
  8
1
  10
-2262.579644
  20
-445.912548
  0
VERTEX
  8
1
  10
-2263.813644
  20
-430.553749
  0
VERTEX
  8
1
  10
-2264.949635
  20
-415.452805
  0
VERTEX
  8
1
  10
-2266.038629
  20
-400.083015
  0
VERTEX
  8
1
  10
-2267.041271
  20
-384.967618
  0
VERTEX
  8
1
  10
-2267.971272
  20
-369.996569
  0
VERTEX
  8
1
  10
-2268.577118
  20
-359.819183
  0
VERTEX
  8
1
  10
-2268.577118
  20
-359.819183
  0
VERTEX
  8
1
  10
-2267.802770
  20
-346.868088
  0
VERTEX
  8
1
  10
-2266.813965
  20
-331.244316
  0
VERTEX
  8
1
  10
-2251.553040
  20
-331.245422
  0
VERTEX
  8
1
  10
-2250.858255
  20
-331.245473
  0
VERTEX
  8
1
  10
-2235.670232
  20
-331.246565
  0
VERTEX
  8
1
  10
-2220.482216
  20
-331.247651
  0
VERTEX
  8
1
  10
-2205.123460
  20
-331.248747
  0
VERTEX
  8
1
  10
-2189.935440
  20
-331.249832
  0
VERTEX
  8
1
  10
-2174.748147
  20
-331.250924
  0
VERTEX
  8
1
  10
-2159.560151
  20
-331.252020
  0
VERTEX
  8
1
  10
-2144.357700
  20
-331.253115
  0
VERTEX
  8
1
  10
-2129.169687
  20
-331.254202
  0
VERTEX
  8
1
  10
-2114.101516
  20
-331.255276
  0
VERTEX
  8
1
  10
-2098.913546
  20
-331.256358
  0
VERTEX
  8
1
  10
-2083.725576
  20
-331.257442
  0
VERTEX
  8
1
  10
-2076.174164
  20
-331.258011
  0
VERTEX
  8
1
  10
-2068.451841
  20
-331.258537
  0
VERTEX
  8
1
  10
-2060.913544
  20
-331.258545
  0
VERTEX
  8
1
  10
-2060.034867
  20
-346.881943
  0
VERTEX
  8
1
  10
-2059.358521
  20
-359.834213
  0
VERTEX
  8
1
  10
-2059.358521
  20
-359.834213
  0
VERTEX
  8
1
  10
-2059.833939
  20
-369.022190
  0
VERTEX
  8
1
  10
-2060.674837
  20
-384.307136
  0
VERTEX
  8
1
  10
-2061.581761
  20
-399.309371
  0
VERTEX
  8
1
  10
-2062.615183
  20
-414.786576
  0
VERTEX
  8
1
  10
-2063.750707
  20
-430.280153
  0
VERTEX
  8
1
  10
-2064.996278
  20
-445.741692
  0
VERTEX
  8
1
  10
-2066.325966
  20
-460.768113
  0
VERTEX
  8
1
  10
-2067.805859
  20
-476.209049
  0
VERTEX
  8
1
  10
-2069.380288
  20
-491.634702
  0
VERTEX
  8
1
  10
-2071.032153
  20
-507.123380
  0
VERTEX
  8
1
  10
-2072.782440
  20
-522.967148
  0
VERTEX
  8
1
  10
-2087.465815
  20
-528.210693
  0
VERTEX
  8
1
  10
-2102.174673
  20
-533.463339
  0
VERTEX
  8
1
  10
-2116.583080
  20
-538.608694
  0
VERTEX
  8
1
  10
-2131.200489
  20
-543.828688
  0
VERTEX
  8
1
  10
-2145.892571
  20
-549.075351
  0
VERTEX
  8
1
  10
-2159.901495
  20
-554.078056
  0
SEQEND
  8
1
  0
POINT
  8
2
 10
-2163.904877
 20
-555.507698
  0
TEXT
  8
2
 10
-2163.904877
 20
-555.507698
 40
0.000000
 50
0.000000
  1
# 168
  0
POINT
  8
2
 10
-2255.196228
 20
-522.934608
  0
TEXT
  8
2
 10
-2255.196228
 20
-522.934608
 40
0.000000
 50
0.000000
  1
# 169
  0
POINT
  8
2
 10
-2268.577118
 20
-359.819183
  0
TEXT
  8
2
 10
-2268.577118
 20
-359.819183
 40
0.000000
 50
0.000000
  1
# 170
  0
POINT
  8
2
 10
-2266.813965
 20
-331.244316
  0
TEXT
  8
2
 10
-2266.813965
 20
-331.244316
 40
0.000000
 50
0.000000
  1
# 171
  0
POINT
  8
2
 10
-2060.913544
 20
-331.258545
  0
TEXT
  8
2
 10
-2060.913544
 20
-331.258545
 40
0.000000
 50
0.000000
  1
# 172
  0
POINT
  8
2
 10
-2059.358521
 20
-359.834213
  0
TEXT
  8
2
 10
-2059.358521
 20
-359.834213
 40
0.000000
 50
0.000000
  1
# 173
  0
POINT
  8
2
 10
-2072.782440
 20
-522.967148
  0
TEXT
  8
2
 10
-2072.782440
 20
-522.967148
 40
0.000000
 50
0.000000
  1
# 174
  0
POINT
  8
3
 10
-2178.925621
 20
-550.148224
  0
POINT
  8
3
 10
-2193.595851
 20
-544.913827
  0
POINT
  8
3
 10
-2207.740768
 20
-539.866876
  0
POINT
  8
3
 10
-2222.386214
 20
-534.641342
  0
POINT
  8
3
 10
-2237.000347
 20
-529.426973
  0
POINT
  8
3
 10
-2251.233787
 20
-524.348425
  0
POINT
  8
3
 10
-2256.805567
 20
-507.353210
  0
POINT
  8
3
 10
-2258.360023
 20
-491.872337
  0
POINT
  8
3
 10
-2259.864378
 20
-476.341729
  0
POINT
  8
3
 10
-2261.276777
 20
-460.998264
  0
POINT
  8
3
 10
-2262.579644
 20
-445.912548
  0
POINT
  8
3
 10
-2263.813644
 20
-430.553749
  0
POINT
  8
3
 10
-2264.949635
 20
-415.452805
  0
POINT
  8
3
 10
-2266.038629
 20
-400.083015
  0
POINT
  8
3
 10
-2267.041271
 20
-384.967618
  0
POINT
  8
3
 10
-2267.971272
 20
-369.996569
  0
POINT
  8
3
 10
-2268.577118
 20
-359.819183
  0
POINT
  8
3
 10
-2267.802770
 20
-346.868088
  0
POINT
  8
3
 10
-2251.553040
 20
-331.245422
  0
POINT
  8
3
 10
-2250.858255
 20
-331.245473
  0
POINT
  8
3
 10
-2235.670232
 20
-331.246565
  0
POINT
  8
3
 10
-2220.482216
 20
-331.247651
  0
POINT
  8
3
 10
-2205.123460
 20
-331.248747
  0
POINT
  8
3
 10
-2189.935440
 20
-331.249832
  0
POINT
  8
3
 10
-2174.748147
 20
-331.250924
  0
POINT
  8
3
 10
-2159.560151
 20
-331.252020
  0
POINT
  8
3
 10
-2144.357700
 20
-331.253115
  0
POINT
  8
3
 10
-2129.169687
 20
-331.254202
  0
POINT
  8
3
 10
-2114.101516
 20
-331.255276
  0
POINT
  8
3
 10
-2098.913546
 20
-331.256358
  0
POINT
  8
3
 10
-2083.725576
 20
-331.257442
  0
POINT
  8
3
 10
-2076.174164
 20
-331.258011
  0
POINT
  8
3
 10
-2068.451841
 20
-331.258537
  0
POINT
  8
3
 10
-2060.034867
 20
-346.881943
  0
POINT
  8
3
 10
-2059.358521
 20
-359.834213
  0
POINT
  8
3
 10
-2059.833939
 20
-369.022190
  0
POINT
  8
3
 10
-2060.674837
 20
-384.307136
  0
POINT
  8
3
 10
-2061.581761
 20
-399.309371
  0
POINT
  8
3
 10
-2062.615183
 20
-414.786576
  0
POINT
  8
3
 10
-2063.750707
 20
-430.280153
  0
POINT
  8
3
 10
-2064.996278
 20
-445.741692
  0
POINT
  8
3
 10
-2066.325966
 20
-460.768113
  0
POINT
  8
3
 10
-2067.805859
 20
-476.209049
  0
POINT
  8
3
 10
-2069.380288
 20
-491.634702
  0
POINT
  8
3
 10
-2071.032153
 20
-507.123380
  0
POINT
  8
3
 10
-2087.465815
 20
-528.210693
  0
POINT
  8
3
 10
-2102.174673
 20
-533.463339
  0
POINT
  8
3
 10
-2116.583080
 20
-538.608694
  0
POINT
  8
3
 10
-2131.200489
 20
-543.828688
  0
POINT
  8
3
 10
-2145.892571
 20
-549.075351
  0
POINT
  8
3
 10
-2159.901495
 20
-554.078056
  0
POINT
  8
4
 10
-2268.577118
 20
-359.819183
 30
1.524000
 50
360.00
  0
TEXT
  8
4
 10
-2268.577118
 20
-359.819183
 40
0.000000
 50
0.000000
  1
# 175
  0
POINT
  8
4
 10
-2251.553040
 20
-331.245422
 30
1.524000
 50
266.48
  0
TEXT
  8
4
 10
-2251.553040
 20
-331.245422
 40
0.000000
 50
0.000000
  1
# 176
  0
POINT
  8
4
 10
-2076.174164
 20
-331.258011
 30
1.524000
 50
273.12
  0
TEXT
  8
4
 10
-2076.174164
 20
-331.258011
 40
0.000000
 50
0.000000
  1
# 177
  0
POINT
  8
4
 10
-2059.358521
 20
-359.834213
 30
1.524000
 50
180.00
  0
TEXT
  8
4
 10
-2059.358521
 20
-359.834213
 40
0.000000
 50
0.000000
  1
# 178
  0
POLYLINE
  8
14
  66
1
  70
1
  0
VERTEX
  8
14
  10
-2163.907013
  20
-540.134926
  0
VERTEX
  8
14
  10
-2180.241127
  20
-534.306863
  0
VERTEX
  8
14
  10
-2195.234287
  20
-528.957258
  0
VERTEX
  8
14
  10
-2209.600456
  20
-523.831364
  0
VERTEX
  8
14
  10
-2224.593621
  20
-518.481756
  0
VERTEX
  8
14
  10
-2238.365119
  20
-513.568043
  0
VERTEX
  8
14
  10
-2240.927734
  20
-512.653694
  0
VERTEX
  8
14
  10
-2242.622089
  20
-496.147981
  0
VERTEX
  8
14
  10
-2244.167029
  20
-480.406962
  0
VERTEX
  8
14
  10
-2245.735248
  20
-463.640666
  0
VERTEX
  8
14
  10
-2247.136255
  20
-447.698610
  0
VERTEX
  8
14
  10
-2248.439626
  20
-431.685900
  0
VERTEX
  8
14
  10
-2249.615368
  20
-416.181386
  0
VERTEX
  8
14
  10
-2250.757181
  20
-400.116888
  0
VERTEX
  8
14
  10
-2251.793717
  20
-384.597769
  0
VERTEX
  8
14
  10
-2252.746173
  20
-369.411406
  0
VERTEX
  8
14
  10
-2253.310089
  20
-359.820290
  0
VERTEX
  8
14
  10
-2253.310089
  20
-359.820290
  0
VERTEX
  8
14
  10
-2253.310089
  20
-359.820290
  0
VERTEX
  8
14
  10
-2234.187010
  20
-359.821661
  0
VERTEX
  8
14
  10
-2215.414301
  20
-359.823008
  0
VERTEX
  8
14
  10
-2196.771108
  20
-359.824345
  0
VERTEX
  8
14
  10
-2180.629578
  20
-359.825503
  0
VERTEX
  8
14
  10
-2163.964539
  20
-359.826698
  0
VERTEX
  8
14
  10
-2147.299500
  20
-359.827894
  0
VERTEX
  8
14
  10
-2131.157970
  20
-359.829051
  0
VERTEX
  8
14
  10
-2116.063449
  20
-359.830134
  0
VERTEX
  8
14
  10
-2099.465215
  20
-359.831325
  0
VERTEX
  8
14
  10
-2084.226201
  20
-359.832418
  0
VERTEX
  8
14
  10
-2074.618988
  20
-359.833107
  0
VERTEX
  8
14
  10
-2074.618988
  20
-359.833107
  0
VERTEX
  8
14
  10
-2074.618988
  20
-359.833107
  0
VERTEX
  8
14
  10
-2075.172637
  20
-370.661856
  0
VERTEX
  8
14
  10
-2076.031470
  20
-385.882130
  0
VERTEX
  8
14
  10
-2076.945487
  20
-400.681383
  0
VERTEX
  8
14
  10
-2077.948252
  20
-415.573861
  0
VERTEX
  8
14
  10
-2079.114865
  20
-431.355510
  0
VERTEX
  8
14
  10
-2080.390382
  20
-446.902528
  0
VERTEX
  8
14
  10
-2081.815444
  20
-462.684907
  0
VERTEX
  8
14
  10
-2083.402158
  20
-479.009223
  0
VERTEX
  8
14
  10
-2085.115926
  20
-495.595862
  0
VERTEX
  8
14
  10
-2086.989136
  20
-512.666969
  0
VERTEX
  8
14
  10
-2103.301407
  20
-518.492217
  0
VERTEX
  8
14
  10
-2118.274518
  20
-523.839238
  0
VERTEX
  8
14
  10
-2132.621479
  20
-528.962657
  0
VERTEX
  8
14
  10
-2147.594591
  20
-534.309680
  0
VERTEX
  8
14
  10
-2161.347670
  20
-539.221018
  0
SEQEND
  8
14
  0
POINT
  8
2
 10
-2163.907013
 20
-540.134926
  0
TEXT
  8
2
 10
-2163.907013
 20
-540.134926
 40
0.000000
 50
0.000000
  1
# 179
  0
POINT
  8
2
 10
-2240.927734
 20
-512.653694
  0
TEXT
  8
2
 10
-2240.927734
 20
-512.653694
 40
0.000000
 50
0.000000
  1
# 180
  0
POINT
  8
2
 10
-2253.310089
 20
-359.820290
  0
TEXT
  8
2
 10
-2253.310089
 20
-359.820290
 40
0.000000
 50
0.000000
  1
# 181
  0
POINT
  8
2
 10
-2074.618988
 20
-359.833107
  0
TEXT
  8
2
 10
-2074.618988
 20
-359.833107
 40
0.000000
 50
0.000000
  1
# 182
  0
POINT
  8
2
 10
-2086.989136
 20
-512.666969
  0
TEXT
  8
2
 10
-2086.989136
 20
-512.666969
 40
0.000000
 50
0.000000
  1
# 183
  0
POINT
  8
3
 10
-2180.241127
 20
-534.306863
  0
POINT
  8
3
 10
-2195.234287
 20
-528.957258
  0
POINT
  8
3
 10
-2209.600456
 20
-523.831364
  0
POINT
  8
3
 10
-2224.593621
 20
-518.481756
  0
POINT
  8
3
 10
-2238.365119
 20
-513.568043
  0
POINT
  8
3
 10
-2242.622089
 20
-496.147981
  0
POINT
  8
3
 10
-2244.167029
 20
-480.406962
  0
POINT
  8
3
 10
-2245.735248
 20
-463.640666
  0
POINT
  8
3
 10
-2247.136255
 20
-447.698610
  0
POINT
  8
3
 10
-2248.439626
 20
-431.685900
  0
POINT
  8
3
 10
-2249.615368
 20
-416.181386
  0
POINT
  8
3
 10
-2250.757181
 20
-400.116888
  0
POINT
  8
3
 10
-2251.793717
 20
-384.597769
  0
POINT
  8
3
 10
-2252.746173
 20
-369.411406
  0
POINT
  8
3
 10
-2253.310089
 20
-359.820290
  0
POINT
  8
3
 10
-2253.310089
 20
-359.820290
  0
POINT
  8
3
 10
-2234.187010
 20
-359.821661
  0
POINT
  8
3
 10
-2215.414301
 20
-359.823008
  0
POINT
  8
3
 10
-2196.771108
 20
-359.824345
  0
POINT
  8
3
 10
-2180.629578
 20
-359.825503
  0
POINT
  8
3
 10
-2163.964539
 20
-359.826698
  0
POINT
  8
3
 10
-2147.299500
 20
-359.827894
  0
POINT
  8
3
 10
-2131.157970
 20
-359.829051
  0
POINT
  8
3
 10
-2116.063449
 20
-359.830134
  0
POINT
  8
3
 10
-2099.465215
 20
-359.831325
  0
POINT
  8
3
 10
-2084.226201
 20
-359.832418
  0
POINT
  8
3
 10
-2074.618988
 20
-359.833107
  0
POINT
  8
3
 10
-2074.618988
 20
-359.833107
  0
POINT
  8
3
 10
-2075.172637
 20
-370.661856
  0
POINT
  8
3
 10
-2076.031470
 20
-385.882130
  0
POINT
  8
3
 10
-2076.945487
 20
-400.681383
  0
POINT
  8
3
 10
-2077.948252
 20
-415.573861
  0
POINT
  8
3
 10
-2079.114865
 20
-431.355510
  0
POINT
  8
3
 10
-2080.390382
 20
-446.902528
  0
POINT
  8
3
 10
-2081.815444
 20
-462.684907
  0
POINT
  8
3
 10
-2083.402158
 20
-479.009223
  0
POINT
  8
3
 10
-2085.115926
 20
-495.595862
  0
POINT
  8
3
 10
-2103.301407
 20
-518.492217
  0
POINT
  8
3
 10
-2118.274518
 20
-523.839238
  0
POINT
  8
3
 10
-2132.621479
 20
-528.962657
  0
POINT
  8
3
 10
-2147.594591
 20
-534.309680
  0
POINT
  8
3
 10
-2161.347670
 20
-539.221018
  0
POINT
  8
4
 10
-2253.310089
 20
-359.820290
 30
1.524000
 50
360.00
  0
TEXT
  8
4
 10
-2253.310089
 20
-359.820290
 40
0.000000
 50
0.000000
  1
# 184
  0
POINT
  8
4
 10
-2253.310089
 20
-359.820290
 30
1.524000
 50
273.36
  0
TEXT
  8
4
 10
-2253.310089
 20
-359.820290
 40
0.000000
 50
0.000000
  1
# 185
  0
POINT
  8
4
 10
-2074.618988
 20
-359.833107
 30
1.524000
 50
267.07
  0
TEXT
  8
4
 10
-2074.618988
 20
-359.833107
 40
0.000000
 50
0.000000
  1
# 186
  0
POINT
  8
4
 10
-2074.618988
 20
-359.833107
 30
1.524000
 50
180.00
  0
TEXT
  8
4
 10
-2074.618988
 20
-359.833107
 40
0.000000
 50
0.000000
  1
# 187
  0
POLYLINE
  8
8
  66
1
  70
0
  0
VERTEX
  8
8
  10
-2163.907013
  20
-538.445473
  0
VERTEX
  8
8
  10
-2239.436493
  20
-511.507301
  0
SEQEND
  8
8
  0
POINT
  8
2
 10
-2163.907013
 20
-538.445473
  0
TEXT
  8
2
 10
-2163.907013
 20
-538.445473
 40
0.000000
 50
0.000000
  1
# 188
  0
POINT
  8
2
 10
-2239.436493
 20
-511.507301
  0
TEXT
  8
2
 10
-2239.436493
 20
-511.507301
 40
0.000000
 50
0.000000
  1
# 189
  0
POLYLINE
  8
8
  66
1
  70
0
  0
VERTEX
  8
8
  10
-2163.907013
  20
-538.445473
  0
VERTEX
  8
8
  10
-2147.905754
  20
-532.723551
  0
VERTEX
  8
8
  10
-2133.218121
  20
-527.471372
  0
VERTEX
  8
8
  10
-2117.411432
  20
-521.819027
  0
VERTEX
  8
8
  10
-2103.003560
  20
-516.666888
  0
VERTEX
  8
8
  10
-2089.765407
  20
-511.933030
  0
VERTEX
  8
8
  10
-2088.455811
  20
-511.464729
  0
SEQEND
  8
8
  0
POINT
  8
2
 10
-2163.907013
 20
-538.445473
  0
TEXT
  8
2
 10
-2163.907013
 20
-538.445473
 40
0.000000
 50
0.000000
  1
# 190
  0
POINT
  8
2
 10
-2088.455811
 20
-511.464729
  0
TEXT
  8
2
 10
-2088.455811
 20
-511.464729
 40
0.000000
 50
0.000000
  1
# 191
  0
POINT
  8
3
 10
-2147.905754
 20
-532.723551
  0
POINT
  8
3
 10
-2133.218121
 20
-527.471372
  0
POINT
  8
3
 10
-2117.411432
 20
-521.819027
  0
POINT
  8
3
 10
-2103.003560
 20
-516.666888
  0
POINT
  8
3
 10
-2089.765407
 20
-511.933030
  0
POLYLINE
  8
8
  66
1
  70
0
  0
VERTEX
  8
8
  10
-2163.910065
  20
-531.640968
  0
VERTEX
  8
8
  10
-2180.045404
  20
-525.924734
  0
VERTEX
  8
8
  10
-2195.437666
  20
-520.471747
  0
VERTEX
  8
8
  10
-2209.926033
  20
-515.338982
  0
VERTEX
  8
8
  10
-2223.805611
  20
-510.421892
  0
VERTEX
  8
8
  10
-2233.478851
  20
-506.994972
  0
SEQEND
  8
8
  0
POINT
  8
2
 10
-2163.910065
 20
-531.640968
  0
TEXT
  8
2
 10
-2163.910065
 20
-531.640968
 40
0.000000
 50
0.000000
  1
# 192
  0
POINT
  8
2
 10
-2233.478851
 20
-506.994972
  0
TEXT
  8
2
 10
-2233.478851
 20
-506.994972
 40
0.000000
 50
0.000000
  1
# 193
  0
POINT
  8
3
 10
-2180.045404
 20
-525.924734
  0
POINT
  8
3
 10
-2195.437666
 20
-520.471747
  0
POINT
  8
3
 10
-2209.926033
 20
-515.338982
  0
POINT
  8
3
 10
-2223.805611
 20
-510.421892
  0
POLYLINE
  8
8
  66
1
  70
0
  0
VERTEX
  8
8
  10
-2163.910065
  20
-531.640968
  0
VERTEX
  8
8
  10
-2147.783396
  20
-525.912701
  0
VERTEX
  8
8
  10
-2132.399406
  20
-520.448237
  0
VERTEX
  8
8
  10
-2117.918824
  20
-515.304667
  0
VERTEX
  8
8
  10
-2104.046703
  20
-510.377225
  0
VERTEX
  8
8
  10
-2094.378662
  20
-506.943092
  0
SEQEND
  8
8
  0
POINT
  8
2
 10
-2163.910065
 20
-531.640968
  0
TEXT
  8
2
 10
-2163.910065
 20
-531.640968
 40
0.000000
 50
0.000000
  1
# 194
  0
POINT
  8
2
 10
-2094.378662
 20
-506.943092
  0
TEXT
  8
2
 10
-2094.378662
 20
-506.943092
 40
0.000000
 50
0.000000
  1
# 195
  0
POINT
  8
3
 10
-2147.783396
 20
-525.912701
  0
POINT
  8
3
 10
-2132.399406
 20
-520.448237
  0
POINT
  8
3
 10
-2117.918824
 20
-515.304667
  0
POINT
  8
3
 10
-2104.046703
 20
-510.377225
  0
POLYLINE
  8
8
  66
1
  70
0
  0
VERTEX
  8
8
  10
-2163.963470
  20
-359.826698
  0
VERTEX
  8
8
  10
-2163.958550
  20
-377.039457
  0
VERTEX
  8
8
  10
-2163.953815
  20
-393.296271
  0
VERTEX
  8
8
  10
-2163.949083
  20
-409.281249
  0
VERTEX
  8
8
  10
-2163.944376
  20
-424.924248
  0
VERTEX
  8
8
  10
-2163.939320
  20
-441.418070
  0
VERTEX
  8
8
  10
-2163.934562
  20
-456.615851
  0
VERTEX
  8
8
  10
-2163.929192
  20
-473.381002
  0
VERTEX
  8
8
  10
-2163.923932
  20
-489.487439
  0
VERTEX
  8
8
  10
-2163.919003
  20
-504.349660
  0
VERTEX
  8
8
  10
-2163.913645
  20
-520.285766
  0
VERTEX
  8
8
  10
-2163.908682
  20
-534.847944
  0
VERTEX
  8
8
  10
-2163.906860
  20
-540.134926
  0
SEQEND
  8
8
  0
POINT
  8
2
 10
-2163.963470
 20
-359.826698
  0
TEXT
  8
2
 10
-2163.963470
 20
-359.826698
 40
0.000000
 50
0.000000
  1
# 196
  0
POINT
  8
2
 10
-2163.906860
 20
-540.134926
  0
TEXT
  8
2
 10
-2163.906860
 20
-540.134926
 40
0.000000
 50
0.000000
  1
# 197
  0
POINT
  8
3
 10
-2163.958550
 20
-377.039457
  0
POINT
  8
3
 10
-2163.953815
 20
-393.296271
  0
POINT
  8
3
 10
-2163.949083
 20
-409.281249
  0
POINT
  8
3
 10
-2163.944376
 20
-424.924248
  0
POINT
  8
3
 10
-2163.939320
 20
-441.418070
  0
POINT
  8
3
 10
-2163.934562
 20
-456.615851
  0
POINT
  8
3
 10
-2163.929192
 20
-473.381002
  0
POINT
  8
3
 10
-2163.923932
 20
-489.487439
  0
POINT
  8
3
 10
-2163.919003
 20
-504.349660
  0
POINT
  8
3
 10
-2163.913645
 20
-520.285766
  0
POINT
  8
3
 10
-2163.908682
 20
-534.847944
  0
POLYLINE
  8
8
  66
1
  70
0
  0
VERTEX
  8
8
  10
-2088.455811
  20
-511.464729
  0
VERTEX
  8
8
  10
-2086.274801
  20
-494.143711
  0
VERTEX
  8
8
  10
-2084.486730
  20
-478.579520
  0
VERTEX
  8
8
  10
-2082.871689
  20
-462.731837
  0
VERTEX
  8
8
  10
-2081.466917
  20
-447.198507
  0
VERTEX
  8
8
  10
-2080.259935
  20
-432.212561
  0
VERTEX
  8
8
  10
-2079.135646
  20
-416.486962
  0
VERTEX
  8
8
  10
-2078.142747
  20
-400.683169
  0
VERTEX
  8
8
  10
-2077.324921
  20
-385.713410
  0
VERTEX
  8
8
  10
-2076.615337
  20
-370.370468
  0
VERTEX
  8
8
  10
-2076.222382
  20
-359.832954
  0
SEQEND
  8
8
  0
POINT
  8
2
 10
-2088.455811
 20
-511.464729
  0
TEXT
  8
2
 10
-2088.455811
 20
-511.464729
 40
0.000000
 50
0.000000
  1
# 198
  0
POINT
  8
2
 10
-2076.222382
 20
-359.832954
  0
TEXT
  8
2
 10
-2076.222382
 20
-359.832954
 40
0.000000
 50
0.000000
  1
# 199
  0
POINT
  8
3
 10
-2086.274801
 20
-494.143711
  0
POINT
  8
3
 10
-2084.486730
 20
-478.579520
  0
POINT
  8
3
 10
-2082.871689
 20
-462.731837
  0
POINT
  8
3
 10
-2081.466917
 20
-447.198507
  0
POINT
  8
3
 10
-2080.259935
 20
-432.212561
  0
POINT
  8
3
 10
-2079.135646
 20
-416.486962
  0
POINT
  8
3
 10
-2078.142747
 20
-400.683169
  0
POINT
  8
3
 10
-2077.324921
 20
-385.713410
  0
POINT
  8
3
 10
-2076.615337
 20
-370.370468
  0
POLYLINE
  8
8
  66
1
  70
0
  0
VERTEX
  8
8
  10
-2239.436493
  20
-511.507301
  0
VERTEX
  8
8
  10
-2241.047179
  20
-494.976520
  0
VERTEX
  8
8
  10
-2242.577395
  20
-478.689682
  0
VERTEX
  8
8
  10
-2243.964507
  20
-463.343065
  0
VERTEX
  8
8
  10
-2245.286657
  20
-447.969438
  0
VERTEX
  8
8
  10
-2246.570604
  20
-432.167507
  0
VERTEX
  8
8
  10
-2247.746616
  20
-416.940646
  0
VERTEX
  8
8
  10
-2248.908233
  20
-401.186628
  0
VERTEX
  8
8
  10
-2249.985577
  20
-385.911886
  0
VERTEX
  8
8
  10
-2251.010517
  20
-370.713335
  0
VERTEX
  8
8
  10
-2251.710815
  20
-359.820442
  0
SEQEND
  8
8
  0
POINT
  8
2
 10
-2239.436493
 20
-511.507301
  0
TEXT
  8
2
 10
-2239.436493
 20
-511.507301
 40
0.000000
 50
0.000000
  1
# 200
  0
POINT
  8
2
 10
-2251.710815
 20
-359.820442
  0
TEXT
  8
2
 10
-2251.710815
 20
-359.820442
 40
0.000000
 50
0.000000
  1
# 201
  0
POINT
  8
3
 10
-2241.047179
 20
-494.976520
  0
POINT
  8
3
 10
-2242.577395
 20
-478.689682
  0
POINT
  8
3
 10
-2243.964507
 20
-463.343065
  0
POINT
  8
3
 10
-2245.286657
 20
-447.969438
  0
POINT
  8
3
 10
-2246.570604
 20
-432.167507
  0
POINT
  8
3
 10
-2247.746616
 20
-416.940646
  0
POINT
  8
3
 10
-2248.908233
 20
-401.186628
  0
POINT
  8
3
 10
-2249.985577
 20
-385.911886
  0
POINT
  8
3
 10
-2251.010517
 20
-370.713335
  0
POLYLINE
  8
8
  66
1
  70
0
  0
VERTEX
  8
8
  10
-2233.478851
  20
-506.994972
  0
VERTEX
  8
8
  10
-2235.011274
  20
-490.096842
  0
VERTEX
  8
8
  10
-2236.412952
  20
-474.253651
  0
VERTEX
  8
8
  10
-2237.840758
  20
-457.675271
  0
VERTEX
  8
8
  10
-2239.155386
  20
-441.863523
  0
VERTEX
  8
8
  10
-2240.380287
  20
-426.583194
  0
VERTEX
  8
8
  10
-2241.639723
  20
-410.357879
  0
VERTEX
  8
8
  10
-2242.763209
  20
-395.462986
  0
VERTEX
  8
8
  10
-2243.889642
  20
-380.128852
  0
VERTEX
  8
8
  10
-2244.930014
  20
-365.572237
  0
VERTEX
  8
8
  10
-2245.331116
  20
-359.820900
  0
SEQEND
  8
8
  0
POINT
  8
2
 10
-2233.478851
 20
-506.994972
  0
TEXT
  8
2
 10
-2233.478851
 20
-506.994972
 40
0.000000
 50
0.000000
  1
# 202
  0
POINT
  8
2
 10
-2245.331116
 20
-359.820900
  0
TEXT
  8
2
 10
-2245.331116
 20
-359.820900
 40
0.000000
 50
0.000000
  1
# 203
  0
POINT
  8
3
 10
-2235.011274
 20
-490.096842
  0
POINT
  8
3
 10
-2236.412952
 20
-474.253651
  0
POINT
  8
3
 10
-2237.840758
 20
-457.675271
  0
POINT
  8
3
 10
-2239.155386
 20
-441.863523
  0
POINT
  8
3
 10
-2240.380287
 20
-426.583194
  0
POINT
  8
3
 10
-2241.639723
 20
-410.357879
  0
POINT
  8
3
 10
-2242.763209
 20
-395.462986
  0
POINT
  8
3
 10
-2243.889642
 20
-380.128852
  0
POINT
  8
3
 10
-2244.930014
 20
-365.572237
  0
POLYLINE
  8
8
  66
1
  70
0
  0
VERTEX
  8
8
  10
-2094.356079
  20
-506.952400
  0
VERTEX
  8
8
  10
-2092.877358
  20
-490.152777
  0
VERTEX
  8
8
  10
-2091.561047
  20
-474.894428
  0
VERTEX
  8
8
  10
-2090.195191
  20
-458.733786
  0
VERTEX
  8
8
  10
-2089.026368
  20
-444.563017
  0
VERTEX
  8
8
  10
-2087.655239
  20
-427.420901
  0
VERTEX
  8
8
  10
-2086.496296
  20
-412.514955
  0
VERTEX
  8
8
  10
-2085.326624
  20
-397.116671
  0
VERTEX
  8
8
  10
-2084.227043
  20
-382.327943
  0
VERTEX
  8
8
  10
-2083.131659
  20
-367.278176
  0
VERTEX
  8
8
  10
-2082.595978
  20
-359.769173
  0
SEQEND
  8
8
  0
POINT
  8
2
 10
-2094.356079
 20
-506.952400
  0
TEXT
  8
2
 10
-2094.356079
 20
-506.952400
 40
0.000000
 50
0.000000
  1
# 204
  0
POINT
  8
2
 10
-2082.595978
 20
-359.769173
  0
TEXT
  8
2
 10
-2082.595978
 20
-359.769173
 40
0.000000
 50
0.000000
  1
# 205
  0
POINT
  8
3
 10
-2092.877358
 20
-490.152777
  0
POINT
  8
3
 10
-2091.561047
 20
-474.894428
  0
POINT
  8
3
 10
-2090.195191
 20
-458.733786
  0
POINT
  8
3
 10
-2089.026368
 20
-444.563017
  0
POINT
  8
3
 10
-2087.655239
 20
-427.420901
  0
POINT
  8
3
 10
-2086.496296
 20
-412.514955
  0
POINT
  8
3
 10
-2085.326624
 20
-397.116671
  0
POINT
  8
3
 10
-2084.227043
 20
-382.327943
  0
POINT
  8
3
 10
-2083.131659
 20
-367.278176
  0
POLYLINE
  8
8
  66
1
  70
0
  0
VERTEX
  8
8
  10
-2252.843323
  20
-372.533073
  0
VERTEX
  8
8
  10
-2237.093172
  20
-372.534206
  0
VERTEX
  8
8
  10
-2222.068330
  20
-372.535281
  0
VERTEX
  8
8
  10
-2206.529704
  20
-372.536385
  0
VERTEX
  8
8
  10
-2191.070520
  20
-372.537476
  0
VERTEX
  8
8
  10
-2176.067738
  20
-372.538534
  0
VERTEX
  8
8
  10
-2161.409132
  20
-372.539582
  0
VERTEX
  8
8
  10
-2145.870516
  20
-372.540717
  0
VERTEX
  8
8
  10
-2130.867702
  20
-372.541800
  0
VERTEX
  8
8
  10
-2115.715835
  20
-372.542856
  0
VERTEX
  8
8
  10
-2100.713045
  20
-372.543906
  0
VERTEX
  8
8
  10
-2085.462188
  20
-372.545023
  0
VERTEX
  8
8
  10
-2075.024872
  20
-372.545815
  0
SEQEND
  8
8
  0
POINT
  8
2
 10
-2252.843323
 20
-372.533073
  0
TEXT
  8
2
 10
-2252.843323
 20
-372.533073
 40
0.000000
 50
0.000000
  1
# 206
  0
POINT
  8
2
 10
-2075.024872
 20
-372.545815
  0
TEXT
  8
2
 10
-2075.024872
 20
-372.545815
 40
0.000000
 50
0.000000
  1
# 207
  0
POINT
  8
3
 10
-2237.093172
 20
-372.534206
  0
POINT
  8
3
 10
-2222.068330
 20
-372.535281
  0
POINT
  8
3
 10
-2206.529704
 20
-372.536385
  0
POINT
  8
3
 10
-2191.070520
 20
-372.537476
  0
POINT
  8
3
 10
-2176.067738
 20
-372.538534
  0
POINT
  8
3
 10
-2161.409132
 20
-372.539582
  0
POINT
  8
3
 10
-2145.870516
 20
-372.540717
  0
POINT
  8
3
 10
-2130.867702
 20
-372.541800
  0
POINT
  8
3
 10
-2115.715835
 20
-372.542856
  0
POINT
  8
3
 10
-2100.713045
 20
-372.543906
  0
POINT
  8
3
 10
-2085.462188
 20
-372.545023
 0
LINE
 8
7
 10
-2172.134857
 20
-375.838623
 11
-2172.134857
 21
-518.840256
  0
TEXT
  8
1
 10
-2163.967819
 20
-443.375835
 40
10.000000
 50
0.000000
  1
Piece Name: noname.M1787#28-32小33-38大码.30
  0
TEXT
  8
1
 10
-2163.967819
 20
-428.375835
 40
10.000000
 50
0.000000
  1
Size: 30
  0
TEXT
  8
1
 10
-2163.967819
 20
-413.375835
 40
10.000000
 50
0.000000
  1
Annotation: 
  0
TEXT
  8
1
 10
-2163.967819
 20
-398.375835
 40
10.000000
 50
0.000000
  1
Quantity: 2
  0
TEXT
  8
1
 10
-2163.967819
 20
-383.375835
 40
10.000000
 50
0.000000
  1
Category: 7
0
ENDBLK
0
BLOCK
  8
1
  2
noname.双.30
 70
0
 10
0.0
 20
0.0
  0
POLYLINE
  8
1
  66
1
  70
1
  0
VERTEX
  8
1
  10
-1817.993774
  20
84.060726
  0
VERTEX
  8
1
  10
-1817.993774
  20
98.969198
  0
VERTEX
  8
1
  10
-1817.993774
  20
114.073293
  0
VERTEX
  8
1
  10
-1817.993774
  20
129.186751
  0
VERTEX
  8
1
  10
-1817.993774
  20
145.019903
  0
VERTEX
  8
1
  10
-1817.993774
  20
160.853062
  0
VERTEX
  8
1
  10
-1817.993774
  20
175.966523
  0
VERTEX
  8
1
  10
-1817.993774
  20
191.070603
  0
VERTEX
  8
1
  10
-1817.993774
  20
205.979080
  0
VERTEX
  8
1
  10
-1815.039771
  20
205.979080
  0
VERTEX
  8
1
  10
-1800.268709
  20
205.979080
  0
VERTEX
  8
1
  10
-1785.041166
  20
205.979080
  0
VERTEX
  8
1
  10
-1769.897225
  20
205.979080
  0
VERTEX
  8
1
  10
-1754.842706
  20
205.979080
  0
VERTEX
  8
1
  10
-1739.370598
  20
205.979080
  0
VERTEX
  8
1
  10
-1724.316047
  20
205.979080
  0
VERTEX
  8
1
  10
-1708.824812
  20
205.979080
  0
VERTEX
  8
1
  10
-1693.770273
  20
205.979080
  0
VERTEX
  8
1
  10
-1678.383624
  20
205.979080
  0
VERTEX
  8
1
  10
-1663.329103
  20
205.979080
  0
VERTEX
  8
1
  10
-1648.128921
  20
205.979080
  0
VERTEX
  8
1
  10
-1633.074402
  20
205.979080
  0
VERTEX
  8
1
  10
-1618.019891
  20
205.979080
  0
VERTEX
  8
1
  10
-1602.093964
  20
205.979080
  0
VERTEX
  8
1
  10
-1602.093964
  20
191.901943
  0
VERTEX
  8
1
  10
-1602.093964
  20
176.213200
  0
VERTEX
  8
1
  10
-1602.093964
  20
160.773096
  0
VERTEX
  8
1
  10
-1602.093964
  20
145.019903
  0
VERTEX
  8
1
  10
-1602.093964
  20
129.266717
  0
VERTEX
  8
1
  10
-1602.093964
  20
113.826616
  0
VERTEX
  8
1
  10
-1602.093964
  20
98.137870
  0
VERTEX
  8
1
  10
-1602.093964
  20
84.060726
  0
SEQEND
  8
1
  0
POINT
  8
2
 10
-1817.993774
 20
84.060726
  0
TEXT
  8
2
 10
-1817.993774
 20
84.060726
 40
0.000000
 50
0.000000
  1
# 208
  0
POINT
  8
2
 10
-1817.993774
 20
145.019903
  0
TEXT
  8
2
 10
-1817.993774
 20
145.019903
 40
0.000000
 50
0.000000
  1
# 209
  0
POINT
  8
2
 10
-1817.993774
 20
205.979080
  0
TEXT
  8
2
 10
-1817.993774
 20
205.979080
 40
0.000000
 50
0.000000
  1
# 210
  0
POINT
  8
2
 10
-1602.093964
 20
205.979080
  0
TEXT
  8
2
 10
-1602.093964
 20
205.979080
 40
0.000000
 50
0.000000
  1
# 211
  0
POINT
  8
2
 10
-1602.093964
 20
145.019903
  0
TEXT
  8
2
 10
-1602.093964
 20
145.019903
 40
0.000000
 50
0.000000
  1
# 212
  0
POINT
  8
2
 10
-1602.093964
 20
84.060726
  0
TEXT
  8
2
 10
-1602.093964
 20
84.060726
 40
0.000000
 50
0.000000
  1
# 213
  0
POINT
  8
3
 10
-1817.993774
 20
98.969198
  0
POINT
  8
3
 10
-1817.993774
 20
114.073293
  0
POINT
  8
3
 10
-1817.993774
 20
129.186751
  0
POINT
  8
3
 10
-1817.993774
 20
160.853062
  0
POINT
  8
3
 10
-1817.993774
 20
175.966523
  0
POINT
  8
3
 10
-1817.993774
 20
191.070603
  0
POINT
  8
3
 10
-1815.039771
 20
205.979080
  0
POINT
  8
3
 10
-1800.268709
 20
205.979080
  0
POINT
  8
3
 10
-1785.041166
 20
205.979080
  0
POINT
  8
3
 10
-1769.897225
 20
205.979080
  0
POINT
  8
3
 10
-1754.842706
 20
205.979080
  0
POINT
  8
3
 10
-1739.370598
 20
205.979080
  0
POINT
  8
3
 10
-1724.316047
 20
205.979080
  0
POINT
  8
3
 10
-1708.824812
 20
205.979080
  0
POINT
  8
3
 10
-1693.770273
 20
205.979080
  0
POINT
  8
3
 10
-1678.383624
 20
205.979080
  0
POINT
  8
3
 10
-1663.329103
 20
205.979080
  0
POINT
  8
3
 10
-1648.128921
 20
205.979080
  0
POINT
  8
3
 10
-1633.074402
 20
205.979080
  0
POINT
  8
3
 10
-1618.019891
 20
205.979080
  0
POINT
  8
3
 10
-1602.093964
 20
191.901943
  0
POINT
  8
3
 10
-1602.093964
 20
176.213200
  0
POINT
  8
3
 10
-1602.093964
 20
160.773096
  0
POINT
  8
3
 10
-1602.093964
 20
129.266717
  0
POINT
  8
3
 10
-1602.093964
 20
113.826616
  0
POINT
  8
3
 10
-1602.093964
 20
98.137870
  0
POLYLINE
  8
14
  66
1
  70
1
  0
VERTEX
  8
14
  10
-1817.993774
  20
84.060726
  0
VERTEX
  8
14
  10
-1817.993774
  20
98.969198
  0
VERTEX
  8
14
  10
-1817.993774
  20
114.073293
  0
VERTEX
  8
14
  10
-1817.993774
  20
129.186751
  0
VERTEX
  8
14
  10
-1817.993774
  20
145.019903
  0
VERTEX
  8
14
  10
-1817.993774
  20
160.853062
  0
VERTEX
  8
14
  10
-1817.993774
  20
175.966523
  0
VERTEX
  8
14
  10
-1817.993774
  20
191.070603
  0
VERTEX
  8
14
  10
-1817.993774
  20
205.979080
  0
VERTEX
  8
14
  10
-1814.670861
  20
205.979080
  0
VERTEX
  8
14
  10
-1799.789517
  20
205.979080
  0
VERTEX
  8
14
  10
-1784.470403
  20
205.979080
  0
VERTEX
  8
14
  10
-1768.892263
  20
205.979080
  0
VERTEX
  8
14
  10
-1753.360849
  20
205.979080
  0
VERTEX
  8
14
  10
-1738.245947
  20
205.979080
  0
VERTEX
  8
14
  10
-1722.714500
  20
205.979080
  0
VERTEX
  8
14
  10
-1707.413211
  20
205.979080
  0
VERTEX
  8
14
  10
-1691.881777
  20
205.979080
  0
VERTEX
  8
14
  10
-1676.852332
  20
205.979080
  0
VERTEX
  8
14
  10
-1661.320907
  20
205.979080
  0
VERTEX
  8
14
  10
-1645.892177
  20
205.979080
  0
VERTEX
  8
14
  10
-1630.579552
  20
205.979080
  0
VERTEX
  8
14
  10
-1614.794006
  20
205.979080
  0
VERTEX
  8
14
  10
-1614.794006
  20
191.221987
  0
VERTEX
  8
14
  10
-1614.794006
  20
176.213194
  0
VERTEX
  8
14
  10
-1614.794006
  20
161.036439
  0
VERTEX
  8
14
  10
-1614.794006
  20
145.019903
  0
VERTEX
  8
14
  10
-1614.794006
  20
129.003368
  0
VERTEX
  8
14
  10
-1614.794006
  20
113.826612
  0
VERTEX
  8
14
  10
-1614.794006
  20
98.817819
  0
VERTEX
  8
14
  10
-1614.794006
  20
84.060726
  0
SEQEND
  8
14
  0
POINT
  8
2
 10
-1817.993774
 20
84.060726
  0
TEXT
  8
2
 10
-1817.993774
 20
84.060726
 40
0.000000
 50
0.000000
  1
# 214
  0
POINT
  8
2
 10
-1817.993774
 20
145.019903
  0
TEXT
  8
2
 10
-1817.993774
 20
145.019903
 40
0.000000
 50
0.000000
  1
# 215
  0
POINT
  8
2
 10
-1817.993774
 20
205.979080
  0
TEXT
  8
2
 10
-1817.993774
 20
205.979080
 40
0.000000
 50
0.000000
  1
# 216
  0
POINT
  8
2
 10
-1614.794006
 20
205.979080
  0
TEXT
  8
2
 10
-1614.794006
 20
205.979080
 40
0.000000
 50
0.000000
  1
# 217
  0
POINT
  8
2
 10
-1614.794006
 20
145.019903
  0
TEXT
  8
2
 10
-1614.794006
 20
145.019903
 40
0.000000
 50
0.000000
  1
# 218
  0
POINT
  8
2
 10
-1614.794006
 20
84.060726
  0
TEXT
  8
2
 10
-1614.794006
 20
84.060726
 40
0.000000
 50
0.000000
  1
# 219
  0
POINT
  8
3
 10
-1817.993774
 20
98.969198
  0
POINT
  8
3
 10
-1817.993774
 20
114.073293
  0
POINT
  8
3
 10
-1817.993774
 20
129.186751
  0
POINT
  8
3
 10
-1817.993774
 20
160.853062
  0
POINT
  8
3
 10
-1817.993774
 20
175.966523
  0
POINT
  8
3
 10
-1817.993774
 20
191.070603
  0
POINT
  8
3
 10
-1814.670861
 20
205.979080
  0
POINT
  8
3
 10
-1799.789517
 20
205.979080
  0
POINT
  8
3
 10
-1784.470403
 20
205.979080
  0
POINT
  8
3
 10
-1768.892263
 20
205.979080
  0
POINT
  8
3
 10
-1753.360849
 20
205.979080
  0
POINT
  8
3
 10
-1738.245947
 20
205.979080
  0
POINT
  8
3
 10
-1722.714500
 20
205.979080
  0
POINT
  8
3
 10
-1707.413211
 20
205.979080
  0
POINT
  8
3
 10
-1691.881777
 20
205.979080
  0
POINT
  8
3
 10
-1676.852332
 20
205.979080
  0
POINT
  8
3
 10
-1661.320907
 20
205.979080
  0
POINT
  8
3
 10
-1645.892177
 20
205.979080
  0
POINT
  8
3
 10
-1630.579552
 20
205.979080
  0
POINT
  8
3
 10
-1614.794006
 20
191.221987
  0
POINT
  8
3
 10
-1614.794006
 20
176.213194
  0
POINT
  8
3
 10
-1614.794006
 20
161.036439
  0
POINT
  8
3
 10
-1614.794006
 20
129.003368
  0
POINT
  8
3
 10
-1614.794006
 20
113.826612
  0
POINT
  8
3
 10
-1614.794006
 20
98.817819
  0
POLYLINE
  8
8
  66
1
  70
0
  0
VERTEX
  8
8
  10
-1614.794006
  20
145.019903
  0
VERTEX
  8
8
  10
-1631.752465
  20
145.019903
  0
VERTEX
  8
8
  10
-1648.384828
  20
145.019903
  0
VERTEX
  8
8
  10
-1664.419372
  20
145.019903
  0
VERTEX
  8
8
  10
-1679.852657
  20
145.019903
  0
VERTEX
  8
8
  10
-1696.113684
  20
145.019903
  0
VERTEX
  8
8
  10
-1711.789114
  20
145.019903
  0
VERTEX
  8
8
  10
-1728.371159
  20
145.019903
  0
VERTEX
  8
8
  10
-1744.554154
  20
145.019903
  0
VERTEX
  8
8
  10
-1759.988992
  20
145.019903
  0
VERTEX
  8
8
  10
-1776.264771
  20
145.019903
  0
VERTEX
  8
8
  10
-1792.212948
  20
145.019903
  0
VERTEX
  8
8
  10
-1807.263617
  20
145.019903
  0
VERTEX
  8
8
  10
-1817.993774
  20
145.019903
  0
SEQEND
  8
8
  0
POINT
  8
2
 10
-1614.794006
 20
145.019903
  0
TEXT
  8
2
 10
-1614.794006
 20
145.019903
 40
0.000000
 50
0.000000
  1
# 220
  0
POINT
  8
2
 10
-1817.993774
 20
145.019903
  0
TEXT
  8
2
 10
-1817.993774
 20
145.019903
 40
0.000000
 50
0.000000
  1
# 221
  0
POINT
  8
3
 10
-1631.752465
 20
145.019903
  0
POINT
  8
3
 10
-1648.384828
 20
145.019903
  0
POINT
  8
3
 10
-1664.419372
 20
145.019903
  0
POINT
  8
3
 10
-1679.852657
 20
145.019903
  0
POINT
  8
3
 10
-1696.113684
 20
145.019903
  0
POINT
  8
3
 10
-1711.789114
 20
145.019903
  0
POINT
  8
3
 10
-1728.371159
 20
145.019903
  0
POINT
  8
3
 10
-1744.554154
 20
145.019903
  0
POINT
  8
3
 10
-1759.988992
 20
145.019903
  0
POINT
  8
3
 10
-1776.264771
 20
145.019903
  0
POINT
  8
3
 10
-1792.212948
 20
145.019903
  0
POINT
  8
3
 10
-1807.263617
 20
145.019903
  0
POLYLINE
  8
8
  66
1
  70
0
  0
VERTEX
  8
8
  10
-1614.794006
  20
145.019903
  0
VERTEX
  8
8
  10
-1631.752465
  20
145.019903
  0
VERTEX
  8
8
  10
-1648.384828
  20
145.019903
  0
VERTEX
  8
8
  10
-1664.419372
  20
145.019903
  0
VERTEX
  8
8
  10
-1679.852657
  20
145.019903
  0
VERTEX
  8
8
  10
-1696.113684
  20
145.019903
  0
VERTEX
  8
8
  10
-1711.789114
  20
145.019903
  0
VERTEX
  8
8
  10
-1728.371159
  20
145.019903
  0
VERTEX
  8
8
  10
-1744.554154
  20
145.019903
  0
VERTEX
  8
8
  10
-1759.988992
  20
145.019903
  0
VERTEX
  8
8
  10
-1776.264771
  20
145.019903
  0
VERTEX
  8
8
  10
-1792.212948
  20
145.019903
  0
VERTEX
  8
8
  10
-1807.263617
  20
145.019903
  0
VERTEX
  8
8
  10
-1817.993774
  20
145.019903
  0
SEQEND
  8
8
  0
POINT
  8
2
 10
-1614.794006
 20
145.019903
  0
TEXT
  8
2
 10
-1614.794006
 20
145.019903
 40
0.000000
 50
0.000000
  1
# 222
  0
POINT
  8
2
 10
-1817.993774
 20
145.019903
  0
TEXT
  8
2
 10
-1817.993774
 20
145.019903
 40
0.000000
 50
0.000000
  1
# 223
  0
POINT
  8
3
 10
-1631.752465
 20
145.019903
  0
POINT
  8
3
 10
-1648.384828
 20
145.019903
  0
POINT
  8
3
 10
-1664.419372
 20
145.019903
  0
POINT
  8
3
 10
-1679.852657
 20
145.019903
  0
POINT
  8
3
 10
-1696.113684
 20
145.019903
  0
POINT
  8
3
 10
-1711.789114
 20
145.019903
  0
POINT
  8
3
 10
-1728.371159
 20
145.019903
  0
POINT
  8
3
 10
-1744.554154
 20
145.019903
  0
POINT
  8
3
 10
-1759.988992
 20
145.019903
  0
POINT
  8
3
 10
-1776.264771
 20
145.019903
  0
POINT
  8
3
 10
-1792.212948
 20
145.019903
  0
POINT
  8
3
 10
-1807.263617
 20
145.019903
  0
POLYLINE
  8
8
  66
1
  70
0
  0
VERTEX
  8
8
  10
-1817.993774
  20
204.244232
  0
VERTEX
  8
8
  10
-1801.463224
  20
204.502449
  0
VERTEX
  8
8
  10
-1785.926760
  20
204.722183
  0
VERTEX
  8
8
  10
-1769.521743
  20
204.935177
  0
VERTEX
  8
8
  10
-1754.169026
  20
205.117930
  0
VERTEX
  8
8
  10
-1737.309424
  20
205.300432
  0
VERTEX
  8
8
  10
-1721.231583
  20
205.456510
  0
VERTEX
  8
8
  10
-1704.283428
  20
205.601434
  0
VERTEX
  8
8
  10
-1688.858349
  20
205.715038
  0
VERTEX
  8
8
  10
-1672.983337
  20
205.812698
  0
VERTEX
  8
8
  10
-1656.759334
  20
205.890962
  0
VERTEX
  8
8
  10
-1640.287355
  20
205.946374
  0
VERTEX
  8
8
  10
-1623.668341
  20
205.975481
  0
VERTEX
  8
8
  10
-1614.794006
  20
205.979080
  0
SEQEND
  8
8
  0
POINT
  8
2
 10
-1817.993774
 20
204.244232
  0
TEXT
  8
2
 10
-1817.993774
 20
204.244232
 40
0.000000
 50
0.000000
  1
# 224
  0
POINT
  8
2
 10
-1614.794006
 20
205.979080
  0
TEXT
  8
2
 10
-1614.794006
 20
205.979080
 40
0.000000
 50
0.000000
  1
# 225
  0
POINT
  8
3
 10
-1801.463224
 20
204.502449
  0
POINT
  8
3
 10
-1785.926760
 20
204.722183
  0
POINT
  8
3
 10
-1769.521743
 20
204.935177
  0
POINT
  8
3
 10
-1754.169026
 20
205.117930
  0
POINT
  8
3
 10
-1737.309424
 20
205.300432
  0
POINT
  8
3
 10
-1721.231583
 20
205.456510
  0
POINT
  8
3
 10
-1704.283428
 20
205.601434
  0
POINT
  8
3
 10
-1688.858349
 20
205.715038
  0
POINT
  8
3
 10
-1672.983337
 20
205.812698
  0
POINT
  8
3
 10
-1656.759334
 20
205.890962
  0
POINT
  8
3
 10
-1640.287355
 20
205.946374
  0
POINT
  8
3
 10
-1623.668341
 20
205.975481
 0
LINE
 8
7
 10
-1774.194183
 20
150.338440
 11
-1649.785919
 21
150.338440
  0
TEXT
  8
1
 10
-1710.043869
 20
145.019903
 40
10.000000
 50
0.000000
  1
Piece Name: noname.双.30
  0
TEXT
  8
1
 10
-1710.043869
 20
160.019903
 40
10.000000
 50
0.000000
  1
Size: 30
  0
TEXT
  8
1
 10
-1710.043869
 20
175.019903
 40
10.000000
 50
0.000000
  1
Annotation: 
  0
TEXT
  8
1
 10
-1710.043869
 20
190.019903
 40
10.000000
 50
0.000000
  1
Quantity: 1
  0
TEXT
  8
1
 10
-1710.043869
 20
205.019903
 40
10.000000
 50
0.000000
  1
Category: 8
0
ENDBLK
0
BLOCK
  8
1
  2
noname.单.30
 70
0
 10
0.0
 20
0.0
  0
POLYLINE
  8
1
  66
1
  70
1
  0
VERTEX
  8
1
  10
-2105.193787
  20
101.993160
  0
VERTEX
  8
1
  10
-2105.193787
  20
167.372704
  0
VERTEX
  8
1
  10
-2089.361752
  20
167.372704
  0
VERTEX
  8
1
  10
-2074.090767
  20
167.372704
  0
VERTEX
  8
1
  10
-2058.820740
  20
167.372704
  0
VERTEX
  8
1
  10
-2043.549765
  20
167.372704
  0
VERTEX
  8
1
  10
-2028.210187
  20
167.372704
  0
VERTEX
  8
1
  10
-2012.939189
  20
167.372704
  0
VERTEX
  8
1
  10
-1997.734965
  20
167.372704
  0
VERTEX
  8
1
  10
-1982.463955
  20
167.372704
  0
VERTEX
  8
1
  10
-1967.382064
  20
167.372704
  0
VERTEX
  8
1
  10
-1952.111070
  20
167.372704
  0
VERTEX
  8
1
  10
-1936.840083
  20
167.372704
  0
VERTEX
  8
1
  10
-1921.745652
  20
167.372704
  0
VERTEX
  8
1
  10
-1906.474690
  20
167.372704
  0
VERTEX
  8
1
  10
-1892.342072
  20
167.372704
  0
VERTEX
  8
1
  10
-1892.342072
  20
151.436914
  0
VERTEX
  8
1
  10
-1892.342072
  20
136.242072
  0
VERTEX
  8
1
  10
-1892.342072
  20
121.112633
  0
VERTEX
  8
1
  10
-1892.342072
  20
106.015203
  0
VERTEX
  8
1
  10
-1892.342072
  20
101.993160
  0
VERTEX
  8
1
  10
-1908.499852
  20
101.993160
  0
VERTEX
  8
1
  10
-1924.207148
  20
101.993160
  0
VERTEX
  8
1
  10
-1939.914449
  20
101.993160
  0
VERTEX
  8
1
  10
-1955.621758
  20
101.993160
  0
VERTEX
  8
1
  10
-1971.329064
  20
101.993160
  0
VERTEX
  8
1
  10
-1987.036370
  20
101.993160
  0
VERTEX
  8
1
  10
-2002.713075
  20
101.993160
  0
VERTEX
  8
1
  10
-2018.420369
  20
101.993160
  0
VERTEX
  8
1
  10
-2034.127661
  20
101.993160
  0
VERTEX
  8
1
  10
-2049.834944
  20
101.993160
  0
VERTEX
  8
1
  10
-2065.542242
  20
101.993160
  0
VERTEX
  8
1
  10
-2081.249549
  20
101.993160
  0
VERTEX
  8
1
  10
-2096.771435
  20
101.993160
  0
SEQEND
  8
1
  0
POINT
  8
2
 10
-2105.193787
 20
101.993160
  0
TEXT
  8
2
 10
-2105.193787
 20
101.993160
 40
0.000000
 50
0.000000
  1
# 226
  0
POINT
  8
2
 10
-2105.193787
 20
167.372704
  0
TEXT
  8
2
 10
-2105.193787
 20
167.372704
 40
0.000000
 50
0.000000
  1
# 227
  0
POINT
  8
2
 10
-1892.342072
 20
167.372704
  0
TEXT
  8
2
 10
-1892.342072
 20
167.372704
 40
0.000000
 50
0.000000
  1
# 228
  0
POINT
  8
2
 10
-1892.342072
 20
101.993160
  0
TEXT
  8
2
 10
-1892.342072
 20
101.993160
 40
0.000000
 50
0.000000
  1
# 229
  0
POINT
  8
3
 10
-2089.361752
 20
167.372704
  0
POINT
  8
3
 10
-2074.090767
 20
167.372704
  0
POINT
  8
3
 10
-2058.820740
 20
167.372704
  0
POINT
  8
3
 10
-2043.549765
 20
167.372704
  0
POINT
  8
3
 10
-2028.210187
 20
167.372704
  0
POINT
  8
3
 10
-2012.939189
 20
167.372704
  0
POINT
  8
3
 10
-1997.734965
 20
167.372704
  0
POINT
  8
3
 10
-1982.463955
 20
167.372704
  0
POINT
  8
3
 10
-1967.382064
 20
167.372704
  0
POINT
  8
3
 10
-1952.111070
 20
167.372704
  0
POINT
  8
3
 10
-1936.840083
 20
167.372704
  0
POINT
  8
3
 10
-1921.745652
 20
167.372704
  0
POINT
  8
3
 10
-1906.474690
 20
167.372704
  0
POINT
  8
3
 10
-1892.342072
 20
151.436914
  0
POINT
  8
3
 10
-1892.342072
 20
136.242072
  0
POINT
  8
3
 10
-1892.342072
 20
121.112633
  0
POINT
  8
3
 10
-1892.342072
 20
106.015203
  0
POINT
  8
3
 10
-1908.499852
 20
101.993160
  0
POINT
  8
3
 10
-1924.207148
 20
101.993160
  0
POINT
  8
3
 10
-1939.914449
 20
101.993160
  0
POINT
  8
3
 10
-1955.621758
 20
101.993160
  0
POINT
  8
3
 10
-1971.329064
 20
101.993160
  0
POINT
  8
3
 10
-1987.036370
 20
101.993160
  0
POINT
  8
3
 10
-2002.713075
 20
101.993160
  0
POINT
  8
3
 10
-2018.420369
 20
101.993160
  0
POINT
  8
3
 10
-2034.127661
 20
101.993160
  0
POINT
  8
3
 10
-2049.834944
 20
101.993160
  0
POINT
  8
3
 10
-2065.542242
 20
101.993160
  0
POINT
  8
3
 10
-2081.249549
 20
101.993160
  0
POINT
  8
3
 10
-2096.771435
 20
101.993160
  0
POLYLINE
  8
14
  66
1
  70
1
  0
VERTEX
  8
14
  10
-2095.033722
  20
101.993160
  0
VERTEX
  8
14
  10
-2095.033722
  20
164.324703
  0
VERTEX
  8
14
  10
-2077.729277
  20
164.324703
  0
VERTEX
  8
14
  10
-2062.311141
  20
164.324703
  0
VERTEX
  8
14
  10
-2045.582961
  20
164.324703
  0
VERTEX
  8
14
  10
-2029.082682
  20
164.324703
  0
VERTEX
  8
14
  10
-2013.823274
  20
164.324703
  0
VERTEX
  8
14
  10
-1998.171185
  20
164.324703
  0
VERTEX
  8
14
  10
-1983.167142
  20
164.324703
  0
VERTEX
  8
14
  10
-1967.818321
  20
164.324703
  0
VERTEX
  8
14
  10
-1951.203070
  20
164.324703
  0
VERTEX
  8
14
  10
-1936.143966
  20
164.324703
  0
VERTEX
  8
14
  10
-1920.411493
  20
164.324703
  0
VERTEX
  8
14
  10
-1905.641253
  20
164.324703
  0
VERTEX
  8
14
  10
-1903.264008
  20
164.324703
  0
VERTEX
  8
14
  10
-1903.264008
  20
148.429637
  0
VERTEX
  8
14
  10
-1903.264008
  20
133.089057
  0
VERTEX
  8
14
  10
-1903.264008
  20
117.746854
  0
VERTEX
  8
14
  10
-1903.264008
  20
101.993160
  0
VERTEX
  8
14
  10
-1919.733102
  20
101.993160
  0
VERTEX
  8
14
  10
-1935.799058
  20
101.993160
  0
VERTEX
  8
14
  10
-1951.214212
  20
101.993160
  0
VERTEX
  8
14
  10
-1968.156734
  20
101.993160
  0
VERTEX
  8
14
  10
-1983.689883
  20
101.993160
  0
VERTEX
  8
14
  10
-2000.841079
  20
101.993160
  0
VERTEX
  8
14
  10
-2016.329621
  20
101.993160
  0
VERTEX
  8
14
  10
-2031.284278
  20
101.993160
  0
VERTEX
  8
14
  10
-2047.322079
  20
101.993160
  0
VERTEX
  8
14
  10
-2063.466078
  20
101.993160
  0
VERTEX
  8
14
  10
-2078.269875
  20
101.993160
  0
VERTEX
  8
14
  10
-2092.890880
  20
101.993160
  0
SEQEND
  8
14
  0
POINT
  8
2
 10
-2095.033722
 20
101.993160
  0
TEXT
  8
2
 10
-2095.033722
 20
101.993160
 40
0.000000
 50
0.000000
  1
# 230
  0
POINT
  8
2
 10
-2095.033722
 20
164.324703
  0
TEXT
  8
2
 10
-2095.033722
 20
164.324703
 40
0.000000
 50
0.000000
  1
# 231
  0
POINT
  8
2
 10
-1903.264008
 20
164.324703
  0
TEXT
  8
2
 10
-1903.264008
 20
164.324703
 40
0.000000
 50
0.000000
  1
# 232
  0
POINT
  8
2
 10
-1903.264008
 20
101.993160
  0
TEXT
  8
2
 10
-1903.264008
 20
101.993160
 40
0.000000
 50
0.000000
  1
# 233
  0
POINT
  8
3
 10
-2077.729277
 20
164.324703
  0
POINT
  8
3
 10
-2062.311141
 20
164.324703
  0
POINT
  8
3
 10
-2045.582961
 20
164.324703
  0
POINT
  8
3
 10
-2029.082682
 20
164.324703
  0
POINT
  8
3
 10
-2013.823274
 20
164.324703
  0
POINT
  8
3
 10
-1998.171185
 20
164.324703
  0
POINT
  8
3
 10
-1983.167142
 20
164.324703
  0
POINT
  8
3
 10
-1967.818321
 20
164.324703
  0
POINT
  8
3
 10
-1951.203070
 20
164.324703
  0
POINT
  8
3
 10
-1936.143966
 20
164.324703
  0
POINT
  8
3
 10
-1920.411493
 20
164.324703
  0
POINT
  8
3
 10
-1905.641253
 20
164.324703
  0
POINT
  8
3
 10
-1903.264008
 20
148.429637
  0
POINT
  8
3
 10
-1903.264008
 20
133.089057
  0
POINT
  8
3
 10
-1903.264008
 20
117.746854
  0
POINT
  8
3
 10
-1919.733102
 20
101.993160
  0
POINT
  8
3
 10
-1935.799058
 20
101.993160
  0
POINT
  8
3
 10
-1951.214212
 20
101.993160
  0
POINT
  8
3
 10
-1968.156734
 20
101.993160
  0
POINT
  8
3
 10
-1983.689883
 20
101.993160
  0
POINT
  8
3
 10
-2000.841079
 20
101.993160
  0
POINT
  8
3
 10
-2016.329621
 20
101.993160
  0
POINT
  8
3
 10
-2031.284278
 20
101.993160
  0
POINT
  8
3
 10
-2047.322079
 20
101.993160
  0
POINT
  8
3
 10
-2063.466078
 20
101.993160
  0
POINT
  8
3
 10
-2078.269875
 20
101.993160
  0
POINT
  8
3
 10
-2092.890880
 20
101.993160
 0
LINE
 8
7
 10
-2067.327118
 20
145.143194
 11
-1943.989105
 21
145.143194
  0
TEXT
  8
1
 10
-1998.767929
 20
134.682932
 40
10.000000
 50
0.000000
  1
Piece Name: noname.单.30
  0
TEXT
  8
1
 10
-1998.767929
 20
149.682932
 40
10.000000
 50
0.000000
  1
Size: 30
  0
TEXT
  8
1
 10
-1998.767929
 20
164.682932
 40
10.000000
 50
0.000000
  1
Annotation: 
  0
TEXT
  8
1
 10
-1998.767929
 20
179.682932
 40
10.000000
 50
0.000000
  1
Quantity: 1
  0
TEXT
  8
1
 10
-1998.767929
 20
194.682932
 40
10.000000
 50
0.000000
  1
Category: 9
0
ENDBLK
  0
ENDSEC
  0
SECTION
  2
ENTITIES
  0
INSERT
  8
1
  2
noname..30
  10
-2898.255889
  20
-1057.225805
  0
INSERT
  8
1
  2
noname..30
  10
-2766.250026
  20
-672.469871
  0
INSERT
  8
1
  2
noname..30
  10
-2343.071938
  20
-1173.090689
  0
INSERT
  8
1
  2
noname..30
  10
-1450.118032
  20
409.489712
  0
INSERT
  8
1
  2
noname.腰.30
  10
-2724.397721
  20
-107.781598
  0
INSERT
  8
1
  2
noname..30
  10
-2181.099843
  20
-767.868517
  0
INSERT
  8
1
  2
noname..30
  10
-1880.794573
  20
-826.699193
  0
INSERT
  8
1
  2
noname.M1787#28-32小33-38大码.30
  10
-2163.927747
  20
-457.032615
  0
INSERT
  8
1
  2
noname.双.30
  10
-1716.393883
  20
145.019904
  0
INSERT
  8
1
  2
noname.单.30
  10
-1999.148773
  20
133.158990
  0
TEXT
  8
1
 10
-2530.870128
 20
-1307.423401
 40
10.000000
 50
0.000000
  1
STYLE NAME: noname
  0
TEXT
  8
1
 10
-2530.870128
 20
-1322.423401
 40
10.000000
 50
0.000000
  1
CREATION DATE: 2026/6/19/22/57
  0
TEXT
  8
1
 10
-2530.870128
 20
-1337.423401
 40
10.000000
 50
0.000000
  1
AUTHOR: BUYI-TECH
  0
TEXT
  8
1
 10
-2530.870128
 20
-1352.423401
 40
10.000000
 50
0.000000
  1
SAMPLE SIZE: 30
  0
TEXT
  8
1
 10
-2530.870128
 20
-1367.423401
 40
10.000000
 50
0.000000
  1
GRADE RULE TABLE: M1787#直筒14%7%大货围加9）双针30码脚口8英寸(1)
  0
TEXT
  8
1
 10
-2530.870128
 20
-1382.423401
 40
10.000000
 50
0.000000
  1
UNITS: METRIC
  0
ENDSEC
  0
EOF
